Player;Pos;Squad;Min
Ismael Aaneba;FB;Strasbourg;11
Patrick van Aanholt;FB;Crystal Palace;1777
Issah Abbas;FW;Mainz 05;18
Yunis Abdelhamid;CB;Reims;2889
Sabit Abdulai;CM;Getafe;60
Mehdi Abeid;CM;Nantes;1320
Laurent Abergel;CM;Lorient;2963
Charles Abi;FW;Saint-Étienne;912
Matthis Abline;FW;Rennes;2
Pape Abou Cisse;CB;Saint-Étienne;1260
David Abraham;CB;Eintracht Frankfurt;1222
Tammy Abraham;FW;Chelsea;1040
Amir Abrashi;CM;Freiburg;60
Gennaro Acampora;CM;Spezia;441
Francesco Acerbi;CB;Lazio;2813
Ragnar Ache;FW;Eintracht Frankfurt;100
Marcos Acuña;FB;Sevilla;2330
Che Adams;FW;Southampton;2667
Tyler Adams;CM;RB Leipzig;1850
Sargis Adamyan;FW;Hoffenheim;479
Tosin Adarabioyo;CB;Fulham;2953
Bobby Adekanye;W;Cádiz;36
Yacine Adli;AM;Bordeaux;2418
Andrea Adorante;FW;Parma;10
Adrián;GK;Liverpool;270
Martin Agirregabiria;FB;Alavés;1558
Lucien Agoume;CM;Spezia;800
Felix Agu;FB;Werder Bremen;701
Kevin Agudelo;W;Spezia;1356
Nayef Aguerd;CB;Rennes;3147
Sergio Agüero;FW;Manchester City;559
Ruben Aguilar;FB;Monaco;2225
Naouirou Ahamada;CM;Stuttgart;252
Matteo Ahlinvi;CM;Nîmes;899
Cheikh Ahmadou Dieng;FW;Marseille;129
Jean-Eudes Aholou;CM;Strasbourg;2146
Jean-Eudes Aholou;CM;Monaco;36
Joseph Aidoo;CB;Celta Vigo;1289
Ola Aina;FB;Fulham;2664
Rayan Aït Nouri;FB;Wolves;1404
Rayan Aït Nouri;FB;Angers;187
Semi Ajayi;CB;West Brom;2780
Ludovic Ajorque;FW;Strasbourg;2967
Manuel Akanji;CB;Dortmund;2350
Carlos Akapo;FB;Cádiz;865
Marley Aké;W;Marseille;146
Nathan Aké;CB;Manchester City;797
Paul Akouokou;CM;Betis;378
Jean-Daniel Akpa-Akpro;CM;Lazio;1056
Kevin Akpoguma;CB;Hoffenheim;1184
David Alaba;CB;Bayern Munich;2675
Sofiane Alakouch;FB;Nîmes;1505
Jony Álamo;CM;Elche;73
Lucas Alario;FW;Leverkusen;1245
Jordi Alba;FB;Barcelona;3025
Luis Alberto;CM;Lazio;2618
Raúl Albiol;CB;Villarreal;3115
Marc Albrighton;W;Leicester City;1746
Paco Alcácer;FW;Villarreal;1544
Pedro Alcalá;CB;Cádiz;909
Thiago Alcántara;CM;Liverpool;1854
Rubén Alcaraz;CM;Valladolid;2165
Omar Alderete;CB;Hertha BSC;1299
Toby Alderweireld;CB;Tottenham;2240
Iván Alejo;W;Cádiz;827
Carles Aleñá;CM;Barcelona;48
Carles Aleñá;CM;Getafe;1366
Rúnar Alex Rúnarsson;GK;Arsenal;16
Trent Alexander-Arnold;FB;Liverpool;3031
Alfon;W;Celta Vigo;34
Mohamed Ali Cho;W;Angers;348
Ezgjan Alioski;FB;Leeds United;2461
Rachid Alioui;FW;Angers;15
Alisson;GK;Liverpool;2970
Saturnin Allagbé;GK;Dijon;1080
Allan;CM;Everton;2051
Dele Alli;AM;Tottenham;620
Miguel Almirón;AM;Newcastle Utd;2429
Marcos Alonso;FB;Chelsea;960
Sergio Álvarez;CM;Eibar;1568
Yeray Álvarez;CB;Athletic Club;1948
Bruno Alves;CB;Parma;1632
Steven Alzate;CM;Brighton;896
Ibrahim Amadou;CM;Angers;1504
Romain Amalfitano;CM;Dijon;116
Emmanuel Amankwaa Akurugu;FB;Getafe;45
Daniel Amartey;CM;Leicester City;722
Jordan Amavi;FB;Marseille;813
Thierry Ambrose;FW;Metz;753
Wisdom Amey;CB;Bologna;2
Nadiem Amiri;AM;Leverkusen;1890
Ethan Ampadu;CB;Sheffield Utd;2089
Sofyan Amrabat;CM;Fiorentina;2441
Jon Ander Garrido;CM;Cádiz;800
Joachim Andersen;CB;Fulham;2730
Joachim Andersen;CB;Lyon;192
Djavan Anderson;W;Lazio;72
Elliot Anderson;AM;Newcastle Utd;4
Felipe Anderson;W;West Ham;3
Sebastian Andersson;FW;Köln;1126
Nícolas Andrade;GK;Udinese;180
Benjamin André;CM;Lille;2885
Robert Andrich;CM;Union Berlin;2526
Victorien Angban;CM;Metz;1672
Ángel;GK;Granada;90
Miguel Ángel Rubio;CB;Valladolid;135
José Ángel;FB;Eibar;901
Angeliño;W;RB Leipzig;2161
Davide Angelo Ghislandi;FB;Atalanta;5
Philip Ankhrah;FW;Hellas Verona;13
Cristian Ansaldi;FB;Torino;1947
Waldemar Anton;CB;Stuttgart;2711
José Antonio Miranda;W;Getafe;26
Michail Antonio;FW;West Ham;1974
Valentin Antov;CB;Bologna;232
Houssem Aouar;CM;Lyon;1781
Adil Aouchiche;AM;Saint-Étienne;1731
Dennis Appiah;FB;Nantes;1556
Aritz Arambarri;CB;Real Sociedad;26
Mauro Arambarri;CM;Getafe;2983
Charles Aránguiz;CM;Leverkusen;1669
Luiz Araújo;W;Lille;1496
Néstor Araujo;CB;Celta Vigo;2426
Ronald Araújo;CB;Barcelona;1510
Anaitz Arbilla;CB;Eibar;2807
Alphonse Areola;GK;Fulham;3240
Santiago Arias;FB;Leverkusen;90
Karim Aribi;FW;Nîmes;294
Unai Arietaleanizbeaskoa;FW;Eibar;47
Nicolò Armini;CB;Lazio;5
Stuart Armstrong;CM;Southampton;2764
Maximilian Arnold;CM;Wolfsburg;2585
Toluwalas Arokodare;FW;Köln;112
Sergio Arribas;W;Real Madrid;135
Kepa Arrizabalaga;GK;Chelsea;585
Tolgay Arslan;CM;Udinese;1818
Kwadwo Asamoah;W;Cagliari;224
Santiago Ascacíbar;CM;Hertha BSC;762
Sergio Asenjo;GK;Villarreal;3240
Marco Asensio;W;Real Madrid;1869
Kristoffer Askildsen;CM;Sampdoria;95
Iago Aspas;FW;Celta Vigo;2864
Roger Assalé;FW;Dijon;828
Miguel Atienza;CM;Eibar;838
Youcef Attal;FB;Nice;956
Pierre-Emerick Aubameyang;FW;Arsenal;2332
Emil Audero;GK;Sampdoria;3330
Tommaso Augello;FB;Sampdoria;3216
Jean-Kévin Augustin;FW;Nantes;36
Ludwig Augustinsson;FB;Werder Bremen;1957
Serge Aurier;FB;Tottenham;1605
Charlie Austin;FW;West Brom;138
Ezequiel Ávila;FW;Osasuna;202
Taiwo Awoniyi;FW;Union Berlin;1359
Mehmet-Can Aydin;W;Schalke 04;500
Jordan Ayew;FW;Crystal Palace;2096
Kaan Ayhan;CB;Sassuolo;796
Luke Ayling;FB;Leeds United;3399
Ramon Azeez;CM;Granada;101
César Azpilicueta;FB;Chelsea;2188
Ludovic Baal;FB;Brest;296
Carlos Bacca;FW;Villarreal;786
Loïc Bade;CB;Lens;2610
Milan Badelj;CM;Genoa;2408
Édgar Badía;GK;Elche;2700
Alex Baena;W;Villarreal;137
Miguel Baeza;AM;Celta Vigo;543
Stéphane Bahoken;FW;Angers;1616
Leon Bailey;W;Leverkusen;2141
Eric Bailly;CB;Manchester Utd;916
Stefan Bajic;GK;Saint-Étienne;90
Tiemoué Bakayoko;CM;Napoli;1964
Mitchel Bakker;FB;Paris Saint-Germain;1694
Ridle Baku;FB;Wolfsburg;2678
Ridle Baku;FB;Mainz 05;180
Dilane Bakwa;FW;Bordeaux;56
Fabián Balbuena;CB;West Ham;1198
Keita Baldé;W;Sampdoria;1197
George Baldock;FB;Sheffield Utd;2787
Gareth Bale;W;Tottenham;920
Mikel Balenziaga;FB;Athletic Club;1689
Leonardo Balerdi;CB;Marseille;1634
Fodé Ballo-Touré;FB;Monaco;662
Botond Balogh;CB;Parma;165
Abdoulaye Bamba;FB;Angers;1347
Jonathan Bamba;W;Lille;2985
Robson Bambu;CB;Nice;1046
Patrick Bamford;FW;Leeds United;3050
Mattia Bani;CB;Genoa;921
Mattia Bani;CB;Parma;1145
Simon Banza;FW;Lens;1372
Antonín Barák;AM;Hellas Verona;2765
Federico Barba;CB;Benevento;2659
Danilo Barbosa;CM;Nice;250
Barcia;CB;Granada;90
Melvin Bard;FB;Lyon;432
Enis Bardhi;W;Levante;1682
Phil Bardsley;FB;Burnley;274
Nicolò Barella;CM;Inter;2896
Philipp Bargfrede;CM;Werder Bremen;27
Kike Barja;W;Osasuna;1433
Ross Barkley;CM;Aston Villa;1531
Ross Barkley;CM;Chelsea;42
Aymen Barkok;AM;Eintracht Frankfurt;977
Ashley Barnes;FW;Burnley;1331
Harvey Barnes;W;Leicester City;1945
Marc Baró;FB;Cádiz;90
Antonio Barragán;FB;Elche;2235
Antonio Barreca;FB;Fiorentina;85
Leandro Barreiro Martins;CM;Mainz 05;2303
Ander Barrenetxea;W;Real Sociedad;1307
Jacob Barrett Laursen;FB;Arminia;1108
Musa Barrow;FW;Bologna;2921
Kyle Bartley;CB;West Brom;2584
Paolo Bartolomei;CM;Spezia;320
Marc Bartra;CB;Betis;1694
Daniele Baselli;CM;Torino;396
Chris Basham;CB;Sheffield Utd;2576
Toma Bašić;CM;Bordeaux;2601
Álvaro Bastida;CM;Cádiz;35
Alessandro Bastoni;CB;Inter;2922
Simone Bastoni;FB;Spezia;1522
Bastos;CB;Lazio;63
Michy Batshuayi;FW;Crystal Palace;728
Rodrigo Battaglia;CM;Alavés;2492
Cristian Battocchio;CM;Brest;355
Oliver Baumann;GK;Hoffenheim;2790
Julian Baumgartlinger;CM;Leverkusen;1072
Christoph Baumgartner;AM;Hoffenheim;2369
Jon Bautista;FW;Real Sociedad;370
Paul Baysse;CB;Bordeaux;2614
Noah Joel Sarenren Bazee;W;Augsburg;36
Ihlas Bebou;W;Hoffenheim;2200
Rodrigo Becão;CB;Udinese;2780
Sheraldo Becker;W;Union Berlin;1106
Timo Becker;CB;Schalke 04;1640
Jan Bednarek;CB;Southampton;3100
Donny van de Beek;CM;Manchester Utd;524
Valon Behrami;CM;Genoa;892
Brian Behrendt;CB;Arminia;79
Maximilian Beier;FW;Hoffenheim;10
Ishak Belfodil;FW;Hoffenheim;596
Erwan Belhadji;W;Dijon;30
Haris Belkebla;CM;Brest;2727
Stefan Bell;CB;Mainz 05;1266
Karim Bellarabi;W;Leverkusen;798
Jean-Ricner Bellegarde;W;Strasbourg;2086
Héctor Bellerín;FB;Arsenal;2089
Jude Bellingham;CM;Dortmund;1697
Andrea Belotti;FW;Torino;2888
Fran Beltrán;CM;Celta Vigo;1399
Sami Ben Amar;FW;Nîmes;7
Hatem Ben Arfa;AM;Bordeaux;1703
Salim Ben Seghir;W;Nice;7
Wissam Ben Yedder;FW;Monaco;2607
Ahmad Benali;CM;Crotone;1214
Samy Benchama;CM;Montpellier;42
Lars Bender;FB;Leverkusen;936
Sven Bender;CB;Leverkusen;1170
Darío Benedetto;FW;Marseille;1579
László Bénes;CM;Augsburg;660
László Bénes;CM;Mönchengladbach;150
Walter Benítez;GK;Nice;3420
Loris Benito;FB;Bordeaux;2651
Sergio Benito;FW;Valladolid;2
Bilal Benkhedim;AM;Saint-Étienne;73
Djamel Benlamri;CB;Lyon;149
Ismaël Bennacer;CM;Milan;1326
Saïd Benrahma;W;West Ham;1391
Yassine Benrahou;AM;Nîmes;1239
Ramy Bensebaini;FB;Mönchengladbach;1811
Josh Benson;CM;Burnley;264
Nabil Bentaleb;CM;Schalke 04;548
Rodrigo Bentancur;CM;Juventus;2324
Christian Benteke;FW;Crystal Palace;1816
Karim Benzema;FW;Real Madrid;2894
Yassine Benzia;AM;Dijon;407
Alessandro Berardi;GK;Hellas Verona;28
Domenico Berardi;W;Sassuolo;2475
Gaetano Berardi;FB;Leeds United;113
Yuri Berchiche;FB;Athletic Club;1682
Álex Berenguer;W;Torino;131
Álex Berenguer;W;Athletic Club;2278
Bartosz Bereszyński;FB;Sampdoria;2607
Jóhann Berg Guðmundsson;W;Burnley;1363
Sander Berge;CM;Sheffield Utd;1120
Steven Bergwijn;W;Tottenham;1208
Valon Berisha;CM;Reims;1645
Bernard;W;Everton;455
Federico Bernardeschi;W;Juventus;972
Bernardo;FB;Brighton;206
Paul Bernardoni;GK;Angers;3420
Juan Bernat;FB;Paris Saint-Germain;194
Dimitry Bertaud;GK;Montpellier;745
Marco Bertini;CM;Lazio;5
Ryan Bertrand;FB;Southampton;2598
Daniel Bessa;CM;Hellas Verona;615
Loïc Bessile;CB;Bordeaux;90
Louis Beyer;CB;Mönchengladbach;188
Bartosz Bialek;FW;Wolfsburg;270
Giulian Biancone;FB;Monaco;92
Ermin Bičakčić;CB;Hoffenheim;128
Pedro Bigas;CB;Eibar;1529
El Bilal Touré;FW;Reims;1245
Cristiano Biraghi;FB;Fiorentina;2803
Davide Biraschi;CB;Genoa;915
Yves Bissouma;CM;Brighton;3111
Leonardo Bittencourt;AM;Werder Bremen;1514
Blanco;CM;Real Madrid;220
Alejandro Blanco;W;Valencia;580
Rubén Blanco;GK;Celta Vigo;1637
Ludovic Blas;AM;Nantes;2787
Alejandro Blesa;CM;Levante;11
Jérôme Boateng;CB;Bayern Munich;2368
Antonin Bobichon;CM;Angers;911
Yann Bodiger;CM;Cádiz;251
Jean-Paul Boëtius;AM;Mainz 05;2065
Sacha Boey;FB;Dijon;1863
Sacha Boey;FB;Rennes;124
Jeremie Boga;W;Sassuolo;1785
Melayro Bogarde;CB;Hoffenheim;277
Jayden Bogle;FB;Sheffield Utd;1110
Quentin Boisgard;AM;Lorient;1314
Willy Boly;CB;Wolves;1879
Giacomo Bonaventura;CM;Fiorentina;2256
Federico Bonazzoli;FW;Torino;564
Federico Bonazzoli;FW;Sampdoria;131
Kevin Bonifazi;CB;Udinese;2469
Leonardo Bonucci;CB;Juventus;2028
Elias Bördner;GK;Eintracht Frankfurt;90
Dennis Borkowski;FW;RB Leipzig;11
Sebastiaan Bornauw;CB;Köln;2083
Sven Botman;CB;Lille;3309
Denis Bouanga;W;Saint-Étienne;2720
Hicham Boudaoui;CM;Nice;1736
Ryad Boudebouz;AM;Saint-Étienne;651
Sofiane Boufal;W;Angers;732
Nassim Boujellab;CM;Schalke 04;605
Farid Boulaya;W;Metz;2815
Yassine Bounou;GK;Sevilla;2970
Ismaëlben Boura;FB;Lens;816
Mehdi Bourabia;CM;Sassuolo;528
Benjamin Bourigeaud;CM;Rennes;2552
Edoardo Bove;CM;Roma;11
Jarrod Bowen;W;West Ham;2562
Dedryck Boyata;CB;Hertha BSC;1545
John Boye;CB;Metz;3041
Lucas Boyé;FW;Elche;2694
Can Bozdogan;AM;Schalke 04;651
Umut Bozok;FW;Lorient;61
Jayden Braaf;W;Udinese;116
Domagoj Bradarić;FB;Lille;1263
Robbie Brady;W;Burnley;1052
Martin Braithwaite;FW;Barcelona;1175
Julian Brandt;AM;Dortmund;1495
Darko Brašanac;CM;Osasuna;909
Lilian Brassier;CB;Brest;962
Álvaro Bravo;CM;Granada;15
Claudio Bravo;GK;Betis;1800
Fabian Bredlow;GK;Stuttgart;90
Josip Brekalo;W;Wolfsburg;1814
Gleison Bremer;CB;Torino;2935
Joshua Brenet;FB;Hoffenheim;1
Rhian Brewster;FW;Sheffield Utd;1128
Anthony Briançon;CB;Nîmes;1225
Jimmy Briand;FW;Bordeaux;571
Yan Brice Eteki;CM;Granada;1321
Nathan Broadhead;W;Everton;3
Dylan Bronn;CB;Metz;3412
John Brooks;CB;Wolfsburg;2774
Daniel Brosinski;FB;Mainz 05;1430
Josh Brownhill;CM;Burnley;2813
Marcelo Brozović;CM;Inter;2581
Gastón Brugman;CM;Parma;1616
Juan Brunet;CM;Granada;24
Juan Brunetta;AM;Parma;475
Cédric Brunner;FB;Arminia;2655
Jacob Bruun Larsen;W;Hoffenheim;89
Bryan;W;Sevilla;13
Bryan;W;Eibar;2265
Joe Bryan;FB;Fulham;669
Kean Bryan;CB;Sheffield Utd;1004
Lucas Buadés;W;Nîmes;21
Ante Budimir;FW;Osasuna;1625
Gianluigi Buffon;GK;Juventus;720
Marius Bülter;W;Union Berlin;977
Alessandro Buongiorno;CB;Torino;858
Esteban Burgos;CB;Eibar;1111
Burgui;W;Alavés;21
Jonathan Burkardt;FW;Mainz 05;1373
Nishan Burkart;FW;Freiburg;15
Oliver Burke;FW;Sheffield Utd;1269
Roman Bürki;GK;Dortmund;1665
Dan Burn;CB;Brighton;2061
Patrick Burner;FB;Nice;1
Patrick Burner;FB;Nîmes;1317
Maxime Busi;FB;Parma;1195
Sergio Busquets;CM;Barcelona;2544
Jack Butland;GK;Crystal Palace;90
David Button;GK;West Brom;90
Oskar Buur;FB;Wolves;22
Marcin Bułka;GK;Paris Saint-Germain;90
Erick Cabaco;CB;Getafe;1326
Willy Caballero;GK;Chelsea;90
Jimmy Cabot;W;Angers;942
Martín Cáceres;CB;Fiorentina;2238
Anthony Caci;FB;Strasbourg;2797
Mathieu Cafaro;AM;Reims;2074
Gary Cahill;CB;Crystal Palace;1800
Yannick Cahuzac;CM;Lens;2252
Felipe Caicedo;FW;Lazio;929
Marc-Aurèle Caillard;GK;Metz;361
Tom Cairney;CM;Fulham;759
Cala;CB;Cádiz;2272
Arturo Calabresi;CB;Bologna;20
Arturo Calabresi;CB;Cagliari;14
Davide Calabria;FB;Milan;2647
Riccardo Calafiori;FB;Roma;66
Mattia Caldara;CB;Atalanta;111
Luca Caldirola;CB;Benevento;1572
Duje Ćaleta-Car;CB;Marseille;2813
Hakan Çalhanoğlu;AM;Milan;2614
Kerim Calhanoglu;W;Schalke 04;296
Fabrizio Caligara;CM;Cagliari;183
Daniel Caligiuri;W;Augsburg;2665
José Callejón;W;Fiorentina;664
Jonathan Calleri;FW;Osasuna;1544
Dominic Calvert-Lewin;FW;Everton;2871
Dani Calvo;CB;Elche;1779
Drissa Camara;CM;Parma;15
Mahdi Camara;CM;Saint-Étienne;3290
Eduardo Camavinga;CM;Rennes;2402
José Campaña;CM;Levante;748
Emre Can;CM;Dortmund;2133
Sergio Canales;AM;Betis;2498
João Cancelo;FB;Manchester City;2299
Antonio Candreva;W;Sampdoria;2505
Álex Cantero;W;Levante;237
Ander Capa;FB;Athletic Club;2131
Pierrick Capelle;W;Angers;2053
Étienne Capoue;CM;Villarreal;1185
Elio Capradossi;CB;Spezia;90
Gianluca Caprari;W;Benevento;1865
Francesco Caputo;FW;Sassuolo;1697
Maxence Caqueret;CM;Lyon;1761
Andrea Carboni;CB;Cagliari;1085
Isaac Carcelen;FB;Cádiz;2581
Cárdenas;GK;Levante;720
Irvin Cardona;FW;Brest;2029
Marc Cardona;FW;Osasuna;53
Ian Carlo Poveda;W;Leeds United;355
Diego Carlos;CB;Sevilla;2788
Juan Carlos;AM;Huesca;291
Lionel Carole;FB;Strasbourg;1342
Yannick Carrasco;W;Atlético Madrid;2179
Sergio Carreira;FB;Celta Vigo;259
Guido Carrillo;FW;Elche;1002
Andy Carroll;FW;Newcastle Utd;392
Scott Carson;GK;Manchester City;90
Dani Carvajal;FB;Real Madrid;950
Fabio Carvalho;AM;Fulham;255
William Carvalho;CM;Betis;1223
Casemiro;CM;Real Madrid;2901
Matty Cash;FB;Aston Villa;2372
Kiko Casilla;GK;Leeds United;270
Giuseppe Caso;W;Genoa;54
Moreto Cassamã;CM;Reims;2031
Francesco Cassata;CM;Genoa;204
Timothy Castagne;FB;Leicester City;2345
Koen Casteels;GK;Wolfsburg;2880
Jean-Charles Castelletto;CB;Nantes;1947
Samu Castillejo;W;Milan;1181
Gonzalo Castro;CM;Stuttgart;1729
Jonny Castro;FB;Wolves;495
Gaetano Castrovilli;CM;Fiorentina;2332
Danilo Cataldi;CM;Lazio;568
Ivan Cavaleiro;W;Fulham;2472
Edinson Cavani;FW;Manchester Utd;1375
Dani Ceballos;CM;Arsenal;1615
Federico Ceccherini;CB;Hellas Verona;1738
Federico Ceccherini;CB;Fiorentina;270
Zeki Çelik;FB;Lille;2381
Bersant Celina;AM;Dijon;2298
Fabien Centonze;FB;Metz;3221
Luca Ceppitelli;CB;Cagliari;1465
Alberto Cerri;FW;Cagliari;369
Sava Cestic;CB;Köln;899
Julian Chabot;CB;Spezia;1655
Nassim Chadli;FW;Nîmes;31
Fouad Chafik;FB;Dijon;1622
Mehdi Chahiri;W;Strasbourg;801
Sofian Chakla;CB;Villarreal;13
Sofian Chakla;CB;Getafe;897
Aníbal Chalá;FB;Dijon;744
Trevoh Chalobah;CM;Lorient;2237
Calum Chambers;CB;Arsenal;753
Timothy Chandler;FB;Eintracht Frankfurt;432
Kwon Chang-hoon;W;Freiburg;216
Gaëtan Charbonnier;FW;Brest;1570
Brendan Chardonnet;CB;Brest;2716
Xavier Chavalerin;CM;Reims;2547
Pape Cheikh Diop;CM;Dijon;1089
Chema;CB;Getafe;557
Rayan Cherki;AM;Lyon;698
Denis Cheryshev;W;Valencia;1101
Giorgio Chiellini;CB;Juventus;1386
Federico Chiesa;W;Fiorentina;240
Federico Chiesa;W;Juventus;2210
Ben Chilwell;FB;Chelsea;2286
Vlad Chiricheș;CB;Sassuolo;1837
Pedro Chirivella;CM;Nantes;2280
Tahith Chong;W;Werder Bremen;386
Joris Chotard;CM;Montpellier;1165
Hamza Choudhury;CM;Leicester City;316
Mounir Chouiar;W;Dijon;1288
Andreas Christensen;CB;Chelsea;1371
Carney Chukwuemeka;CM;Aston Villa;20
Samuel Chukwueze;W;Villarreal;1365
Darko Churlinov;W;Stuttgart;216
Víctor Chust;CB;Real Madrid;95
Sébastien Cibois;GK;Brest;270
Cifu;FB;Elche;451
Alberto Cifuentes;GK;Cádiz;180
Luca Cigarini;CM;Crotone;929
Jasper Cillessen;GK;Valencia;900
Antonio Cioffi;W;Napoli;12
Tim Civeja;CM;Augsburg;34
Ciaran Clark;CB;Newcastle Utd;1891
Alexis Claude-Maurice;AM;Nice;1910
Jonathan Clauss;FB;Lens;2521
Carlos Clerc;FB;Levante;2781
Nathaniel Clyne;FB;Crystal Palace;1145
Conor Coady;CB;Wolves;3303
Marcus Coco;W;Nantes;1474
Coke;FB;Levante;835
Séamus Coleman;FB;Everton;1613
Ebrima Colley;W;Hellas Verona;734
Omar Colley;CB;Sampdoria;2591
Simone Colombi;GK;Parma;180
Lorenzo Colombo;FW;Milan;94
Racine Coly;FB;Nice;17
Kingsley Coman;W;Bayern Munich;1752
Daniel Congré;CB;Montpellier;3292
Aaron Connolly;FW;Brighton;791
Andrea Consigli;GK;Sassuolo;3330
Andrea Conti;FB;Milan;28
Andrea Conti;FB;Parma;809
Liam Cooper;CB;Leeds United;2185
Francis Coquelin;CM;Villarreal;736
Theo Corbeanu;FW;Wolves;9
Sébastien Corchia;FB;Nantes;2066
Alex Cordaz;GK;Crotone;3240
Iñigo Córdoba;W;Athletic Club;95
Iñigo Córdoba;W;Alavés;216
Jhon Córdoba;FW;Hertha BSC;1537
Sergio Córdova;FW;Arminia;1090
Jack Cork;CM;Burnley;1350
Andreas Cornelius;FW;Parma;1898
Maxwel Cornet;FB;Lyon;2446
Ángel Correa;AM;Atlético Madrid;2393
Joaquín Correa;AM;Lazio;1933
Rober Correa;FB;Eibar;1136
Félix Correia;W;Juventus;7
Thierry Correia;FB;Valencia;2137
Angelo da Costa Júnior;GK;Bologna;540
Danny da Costa;FB;Mainz 05;1208
Danny da Costa;FB;Eintracht Frankfurt;110
David Pereira da Costa;AM;Lens;158
Diego Costa;FW;Atlético Madrid;208
Douglas Costa;W;Juventus;42
Douglas Costa;W;Bayern Munich;320
Hélder Costa;W;Leeds United;1156
Jaume Costa;FB;Villarreal;351
Charles Costes;W;Dijon;2
Benoît Costil;GK;Bordeaux;3420
Vladimír Coufal;FB;West Ham;3054
Kalifa Coulibaly;FW;Nantes;981
Lassana Coulibaly;CM;Angers;1687
Mamadou Coulibaly;CM;Udinese;184
Senou Coulibaly;CB;Dijon;1934
Tanguy Coulibaly;W;Stuttgart;1506
Thibaut Courtois;GK;Real Madrid;3420
Philippe Coutinho;AM;Barcelona;654
Nicolas Cozza;CB;Montpellier;1369
Alessio Cragno;GK;Cagliari;3060
Gian Crespi;GK;Crotone;90
Aaron Cresswell;FB;West Ham;3170
Domenico Criscito;FB;Genoa;1726
Bryan Cristante;CM;Roma;2155
Giovanni Crociata;CM;Crotone;26
Juan Cruz Armada;FB;Osasuna;1962
Juan Cuadrado;FB;Juventus;2175
Adrián Cubas;CM;Nîmes;2242
Sergio Cubero Ezcurra;FB;Eibar;1
Cucho;FW;Getafe;1466
Marc Cucurella;W;Getafe;3244
Mickaël Cuisance;CM;Marseille;1024
Mickaël Cuisance;CM;Bayern Munich;18
Matheus Cunha;FW;Hertha BSC;2149
Giuseppe Cuomo;CB;Crotone;801
Patrick Cutrone;FW;Wolves;25
Patrick Cutrone;FW;Fiorentina;196
Patrick Cutrone;FW;Valencia;108
Wylan Cyprien;CM;Parma;410
Rafael Czichos;CB;Köln;2259
Lennart-Marten Czyborra;W;Genoa;1173
Danilo D'Ambrosio;FB;Inter;699
Damien Da Silva;CB;Rennes;2661
Bryan Dabo;CM;Benevento;1117
Moanes Dabour;FW;Hoffenheim;999
Colin Dagba;FB;Paris Saint-Germain;1357
Finn Dahmen;GK;Mainz 05;270
Mahmoud Dahoud;CM;Dortmund;1258
Leon Dajaku;AM;Union Berlin;37
Stuart Dallas;FB;Leeds United;3409
Diogo Dalot;FB;Milan;1090
Mikkel Damsgaard;W;Sampdoria;1773
Flavius Daniliuc;CB;Nice;1477
Danilo;CB;Juventus;2916
Scott Dann;CB;Crystal Palace;1350
Tiago Dantas;CM;Bayern Munich;69
Dante;CB;Nice;774
Andrea Danzi;CM;Hellas Verona;104
Ebrima Darboe;CM;Roma;323
Márton Dárdai;CB;Hertha BSC;821
Vladimír Darida;CM;Hertha BSC;1903
Karl Darlow;GK;Newcastle Utd;2250
Matteo Darmian;FB;Inter;1160
Matteo Darmian;FB;Parma;208
Jonathan David;FW;Lille;2354
Alphonso Davies;FB;Bayern Munich;1763
Ben Davies;FB;Tottenham;1346
Tom Davies;CM;Everton;1423
Keinan Davis;FW;Aston Villa;277
Leif Davis;FB;Leeds United;33
Paweł Dawidowicz;CB;Hellas Verona;1860
Craig Dawson;CB;West Ham;1925
Kevin De Bruyne;AM;Manchester City;1997
Sebastien De Maio;CB;Udinese;853
Rodrigo De Paul;CM;Udinese;3201
Mattia De Sciglio;FB;Juventus;24
Mattia De Sciglio;FB;Lyon;1467
Lorenzo De Silvestri;FB;Bologna;2143
Thibault De Smet;FB;Reims;496
Lucas Deaux;CM;Nîmes;1754
Mathieu Debuchy;FB;Saint-Étienne;2103
Grégoire Defrel;FW;Sassuolo;1337
Alessandro Deiola;CM;Spezia;360
Alessandro Deiola;CM;Cagliari;615
Romain Del Castillo;W;Rennes;652
Lorenzo Del Pinto;CM;Benevento;11
Thomas Delaine;FB;Metz;1779
Thomas Delaney;CM;Dortmund;1286
Liam Delap;FW;Manchester City;40
Jonathan Delaplace;CM;Lorient;906
Sacha Delaye;CM;Montpellier;7
Cristian Dell'Orco;FB;Spezia;262
Andy Delort;FW;Montpellier;2482
Fabian Delph;CM;Everton;266
Moussa Dembélé;FW;Atlético Madrid;100
Moussa Dembélé;FW;Lyon;677
Ousmane Dembélé;W;Barcelona;1774
Merih Demiral;CB;Juventus;940
Kerem Demirbay;CM;Leverkusen;1744
Ermedin Demirović;FW;Freiburg;1498
Diego Demme;CM;Napoli;1590
Jason Denayer;CB;Lyon;2614
Leander Dendoncker;CM;Wolves;2503
Kevin Denkey;FW;Nîmes;524
Emmanuel Dennis;FW;Köln;474
Stefano Denswil;CB;Bologna;115
Fabio Depaoli;FB;Benevento;1120
Fabio Depaoli;FB;Sampdoria;77
Fabio Depaoli;FB;Atalanta;191
Memphis Depay;FW;Lyon;2923
Clément Depres;FW;Nîmes;14
Mike van der Hoorn;CB;Arminia;1356
Kastriot Dermaku;CB;Parma;100
Kiril Despodov;W;Cagliari;11
Sergiño Dest;FB;Barcelona;1886
Mattia Destro;FW;Genoa;1606
Gerard Deulofeu;W;Udinese;598
Deyverson;FW;Alavés;874
Jacopo Dezi;CM;Parma;79
Samuel Di Carmine;FW;Hellas Verona;500
Samuel Di Carmine;FW;Crotone;475
Giovanni Di Lorenzo;FB;Napoli;3240
Ángel Di María;W;Paris Saint-Germain;1853
Alessandro Di Pardo;W;Juventus;14
Giuseppe Di Serio;FW;Benevento;292
Boulaye Dia;FW;Reims;2930
Abdoulay Diaby;W;Getafe;18
Moussa Diaby;W;Leverkusen;2388
Mbaye Diagne;FW;West Brom;1189
Mouctar Diakhaby;CB;Valencia;2079
Abdou Diallo;CB;Paris Saint-Germain;1490
Amad Diallo;W;Manchester Utd;166
Amad Diallo;W;Atalanta;14
Habib Diallo;FW;Strasbourg;2322
Habib Diallo;FW;Metz;143
Ibrahima Diallo;CM;Southampton;1020
Ibrahima Diallo;CM;Brest;440
Amadou Diambo;CM;Benevento;3
Grady Diangana;W;West Brom;1235
Stéphane Diarra;W;Lorient;197
Raphael Dias Belloli;W;Leeds United;2360
Raphael Dias Belloli;W;Rennes;404
Rúben Dias;CB;Manchester City;2843
Krepin Diatta;W;Monaco;389
Amadou Diawara;CM;Roma;658
Brahim Díaz;AM;Milan;1228
Víctor Díaz;FB;Granada;828
Daniel Didavi;AM;Stuttgart;970
Eric Dier;CB;Tottenham;2520
Daan Dierckx;CB;Parma;471
Lucas Digne;FB;Everton;2681
Virgil van Dijk;CB;Liverpool;370
Mitchell Dijks;FB;Bologna;1481
Javairô Dilrosun;W;Hertha BSC;529
Federico Dimarco;FB;Hellas Verona;2613
Tristan Dingomé;CM;Reims;15
Eren Dinkçi;FW;Werder Bremen;108
Sinaly Diomande;CB;Lyon;1133
Lois Diony;FW;Angers;1749
Issa Diop;CB;West Ham;1381
Papakouli Diop;CM;Eibar;2324
Sofiane Diop;AM;Monaco;2023
Andy Diouf;W;Rennes;12
Yehvann Diouf;GK;Reims;135
Assane Dioussé;CM;Saint-Étienne;1
Axel Disasi;CB;Monaco;2011
Tiago Djaló;CB;Lille;873
Djené;CB;Getafe;2941
Moussa Djenepo;W;Southampton;1240
Koffi Djidji;CB;Crotone;1524
Alexander Djiku;CB;Strasbourg;2552
Berat Djimsiti;CB;Atalanta;2625
Marko Dmitrović;GK;Eibar;3120
Ritsu Doan;W;Arminia;2768
Mihai Dobre;W;Dijon;529
Matt Doherty;FB;Tottenham;1240
Jeremy Doku;W;Rennes;2313
Kasper Dolberg;FW;Nice;1928
Keagan Dolly;W;Montpellier;452
Jaume Doménech;GK;Valencia;2520
Carlos Dominguez;CB;Celta Vigo;360
Nicolás Domínguez;CM;Bologna;1255
John Donald;CM;Elche;50
Ji Dong-won;FW;Mainz 05;62
Anastasios Donis;FW;Reims;97
Gianluigi Donnarumma;GK;Milan;3330
Gabriel Dos Santos;CB;Arsenal;1996
Bas Dost;FW;Eintracht Frankfurt;817
Lucas Douath;CM;Saint-Étienne;1327
Abdoulaye Doucouré;CM;Everton;2443
Cheick Doucouré;CM;Lens;2627
Fodé Doucouré;FB;Reims;333
Mahamadou Doucouré;W;Nîmes;45
Cheick Doukouré;CM;Levante;101
Idrissa Doumbia;CM;Huesca;779
Moussa Doumbia;W;Reims;899
Souleyman Doumbia;FB;Angers;2222
Aleksandar Dragović;CB;Leverkusen;1136
Bartłomiej Drągowski;GK;Fiorentina;3148
Denis Drăguș;FW;Crotone;177
Radu Drăgușin;CB;Juventus;1
Mouhamadou Drammeh;CM;Reims;173
Julian Draxler;AM;Paris Saint-Germain;1064
Dominick Drexler;AM;Köln;1233
Matthieu Dreyer;GK;Lorient;1350
Domingos Duarte;CB;Granada;2363
Léo Duarte;CB;Milan;19
Óscar Duarte;CB;Levante;2060
Rubén Duarte;FB;Alavés;2545
Leo Dubois;FB;Lyon;2903
Martin Dúbravka;GK;Newcastle Utd;1170
Ondrej Duda;AM;Köln;2537
Unai Dufur;CB;Eibar;62
Haris Duljević;W;Nîmes;773
Paul Dummett;FB;Newcastle Utd;1255
Alfred Duncan;CM;Fiorentina;162
Alfred Duncan;CM;Cagliari;1068
Lewis Dunk;CB;Brighton;2931
Jimmy Dunne;CB;Burnley;270
Erik Durm;FB;Eintracht Frankfurt;1480
Hugo Duro;FW;Real Madrid;55
Jean-Kevin Duverne;CB;Brest;2029
Paulo Dybala;AM;Juventus;1132
Edin Džeko;FW;Roma;1824
Eric Junior Dina Ebimbe;W;Dijon;2144
Steeve-Mike Ebongue;CM;Genoa;52
Enzo Ebosse;FB;Angers;260
Bruno Ecuele Manga;CB;Dijon;3420
Simone Edera;W;Torino;52
Ederson;GK;Manchester City;3240
Kyle Edwards;W;West Brom;118
John Egan;CB;Sheffield Utd;2629
Johannes Eggestein;FW;Werder Bremen;33
Maximilian Eggestein;CM;Werder Bremen;2942
Lilian Egloff;AM;Stuttgart;16
Kingsley Ehizibue;FB;Köln;1133
Albin Ekdal;CM;Sampdoria;2299
Hugo Ekitike;W;Reims;88
Anthony Elanga;W;Manchester Utd;155
Niclas Eliasson;W;Nîmes;1799
Elif Elmas;AM;Napoli;740
Ahmed Elmohamady;FB;Aston Villa;839
Mohamed Elneny;CM;Arsenal;1544
Aritz Elustondo;CB;Real Sociedad;1884
Nico Elvedi;CB;Mönchengladbach;2536
Rodrigo Ely;CB;Alavés;468
Sepe Elye Wahi;FW;Montpellier;555
Breel Embolo;FW;Mönchengladbach;1440
Emerson;FB;Betis;2991
Manu Emmanuel Gyabuaa;CM;Atalanta;2
Renaud Emond;FW;Nantes;354
Alan Empereur;CB;Hellas Verona;219
Youssef En-Nesyri;FW;Sevilla;2311
Keita Endo;W;Union Berlin;456
Wataru Endo;CM;Stuttgart;2955
Sergi Enrich;FW;Eibar;1404
Christian Eriksen;AM;Inter;1385
Martin Erlic;CB;Spezia;1798
Patrick Erras;CM;Werder Bremen;26
Gonzalo Escalante;CM;Lazio;733
Aarón Escandell;GK;Granada;450
Dani Escriche;FW;Huesca;857
Sergio Escudero;FB;Sevilla;565
Alfonso Espino;FB;Cádiz;2601
Vicente Esquerdo;AM;Valencia;231
Nahuel Estévez;CM;Spezia;1768
Pervis Estupiñán;FB;Villarreal;1168
Yoann Etienne;FB;Lorient;90
Xabier Etxeita;CB;Getafe;883
Jonny Evans;CB;Leicester City;2473
Edu Expósito;CM;Eibar;2455
Valentin Eysseric;AM;Fiorentina;729
Eberechi Eze;AM;Crystal Palace;2559
Jokin Ezkieta;GK;Athletic Club;90
Łukasz Fabiański;GK;West Ham;3150
Fabinho;CM;Liverpool;2567
Fábio;FB;Nantes;1507
Cesc Fàbregas;CM;Monaco;877
Bandiougou Fadiga;AM;Paris Saint-Germain;63
Bandiougou Fadiga;AM;Brest;43
Wout Faes;CB;Reims;2899
Nicolò Fagioli;AM;Juventus;21
Ralf Fährmann;GK;Schalke 04;1876
Romain Faivre;W;Brest;2891
Fali;CB;Cádiz;2637
Iago Falque;W;Benevento;358
Andri Fannar Baldursson;CM;Bologna;217
Paolo Faragò;FB;Bologna;23
Paolo Faragò;FB;Cagliari;369
Davide Faraoni;W;Hellas Verona;2891
Mohamed Fares;W;Lazio;1139
Diego Farias;W;Spezia;1514
Wuilker Faríñez;GK;Lens;107
Noah Fatar;W;Angers;21
Ansu Fati;W;Barcelona;431
Julien Faussurier;FB;Brest;955
Andrea Favilli;FW;Hellas Verona;339
Federico Fazio;CB;Roma;406
Nabil Fekir;AM;Betis;2622
Felipe;CB;Atlético Madrid;2057
Luiz Felipe;CB;Lazio;909
Ohis Felix Uduokhai;CB;Augsburg;2610
João Félix;AM;Atlético Madrid;1572
Zinedine Ferhat;W;Nîmes;2957
Bruno Fernandes;AM;Manchester Utd;3099
Edimilson Fernandes;CM;Mainz 05;841
Aitor Fernández;GK;Levante;2610
Álex Fernández;AM;Cádiz;1946
Álvaro Fernández;GK;Huesca;1980
Andrés Fernández;GK;Huesca;1440
Augusto Fernández;CM;Cádiz;369
Carlos Fernández;FW;Sevilla;143
Carlos Fernández;FW;Real Sociedad;390
Federico Fernández;CB;Newcastle Utd;2079
Joaquín Fernández;CB;Valladolid;2073
Fernandinho;CM;Manchester City;1188
Fernando;CM;Sevilla;2546
Alex Ferrari;CB;Sampdoria;880
David Ferreiro;W;Huesca;2527
Salvador Ferrer;FB;Spezia;1190
Facundo Ferreyra;FW;Celta Vigo;300
Jordan Ferri;CM;Montpellier;2577
Marco Festa;GK;Crotone;90
Fidel;W;Elche;2396
Sam Field;CM;West Brom;62
Alfreð Finnbogason;FW;Augsburg;544
Roberto Firmino;FW;Liverpool;2838
Junior Firpo;FB;Barcelona;289
John Fleck;CM;Sheffield Utd;2575
Mark Flekken;GK;Freiburg;270
Florian Flick;CM;Schalke 04;360
Alexis Flips;W;Reims;43
Alessandro Florenzi;FB;Paris Saint-Germain;1538
Kingsley Fobi;FB;Granada;45
Phil Foden;W;Manchester City;1616
Mamadou Fofana;CM;Metz;1070
Seko Fofana;CM;Lens;2309
Wesley Fofana;CB;Leicester City;2262
Wesley Fofana;CB;Saint-Étienne;315
Youssouf Fofana;CM;Monaco;2873
Thomas Foket;FB;Reims;3324
Ramón Folch;CM;Elche;1
Lamine Fomba;CM;Nîmes;2175
Thomas Fontaine;CB;Lorient;320
José Fontán;FB;Celta Vigo;652
José Fonte;CB;Lille;3185
Fernando Forestieri;AM;Udinese;552
Pablo Fornals;AM;West Ham;2572
Emil Forsberg;W;RB Leipzig;1539
Fraser Forster;GK;Southampton;720
Philipp Förster;AM;Stuttgart;1509
Steven Fortes;CB;Lens;1435
Yassin Fortune;FW;Angers;15
Timothy Fosu-Mensah;FB;Manchester Utd;80
Timothy Fosu-Mensah;FB;Leverkusen;409
Daam Foulon;FB;Benevento;1021
Dimitri Foulquier;FB;Granada;2663
Juan Foyth;CB;Villarreal;1168
Gianluca Frabotta;FB;Juventus;689
Raphael Framberger;FB;Augsburg;1540
Tyrese Francois;CM;Fulham;15
Ryan Fraser;W;Newcastle Utd;928
Fred;CM;Manchester Utd;2390
Ryan Fredericks;FB;West Ham;569
Remo Freuler;CM;Atalanta;2712
Marco Friedl;CB;Werder Bremen;2785
Marvin Friedrich;CB;Union Berlin;3060
Jeremie Frimpong;FB;Leverkusen;436
Jorge de Frutos;W;Levante;2186
Christian Fuchs;FB;Leicester City;702
Angelo Fulgini;CM;Angers;2725
Niclas Füllkrug;FW;Werder Bremen;877
Ramiro Funes Mori;CB;Villarreal;727
Darnell Furlong;FB;West Brom;2932
Daniel Fuzato;GK;Roma;450
Baptiste Gabard;CM;Saint-Étienne;133
Matteo Gabbia;CB;Milan;557
Manolo Gabbiadini;FW;Sampdoria;870
Mijat Gaćinović;AM;Hoffenheim;822
Roberto Gagliardini;CM;Inter;1232
Riccardo Gagliolo;FB;Parma;1956
Adolfo Gaich;FW;Benevento;768
Andrey Galabinov;FW;Spezia;430
Javi Galán;FB;Huesca;3065
Conor Gallagher;CM;West Brom;2531
Enric Gallego;FW;Osasuna;806
Kévin Gameiro;FW;Valencia;1077
Idrissa Gana Gueye;CM;Paris Saint-Germain;1581
Ignatius Ganago;FW;Lens;1304
Aleix García;CM;Eibar;437
Borja García;AM;Huesca;1117
Dani García;CM;Athletic Club;1920
David García;CB;Osasuna;3150
Eric García;CB;Manchester City;383
Manu García;CM;Alavés;1124
Raúl García;GK;Valladolid;504
Raúl García;GK;Athletic Club;1743
Rubén García;W;Osasuna;2718
Sergi García;CM;Alavés;16
Unai García;CB;Osasuna;1242
Mario Gaspar;FB;Villarreal;1851
Manuel Gasparini;GK;Udinese;3
Dwight Gayle;FW;Newcastle Utd;514
Paulo Gazzaniga;GK;Elche;720
Jean-Philippe Gbamin;CM;Everton;12
Yann Gboho;W;Rennes;303
David de Gea;GK;Manchester Utd;2295
Christian Gebauer;W;Arminia;687
Theodor Gebre Selassie;FB;Werder Bremen;3032
Emrehan Gedikli;FW;Leverkusen;25
Dennis Geiger;CM;Hoffenheim;658
Christian Gentner;CM;Union Berlin;1033
Yannick Gerhardt;CM;Wolfsburg;1936
Valère Germain;FW;Marseille;857
Gervinho;W;Parma;2021
Willem Geubbels;W;Monaco;294
Hamadi Al Ghaddioui;FW;Stuttgart;46
Anwar El Ghazi;W;Aston Villa;1613
Paolo Ghiglione;W;Genoa;1358
Faouzi Ghoulam;FB;Napoli;289
Kieran Gibbs;FB;West Brom;809
Morgan Gibbs-White;CM;Wolves;414
Niko Gießelmann;FB;Union Berlin;430
Rafał Gikiewicz;GK;Augsburg;3060
David Gil;GK;Cádiz;360
Billy Gilmour;CM;Chelsea;261
Álvaro Giménez;FW;Cádiz;407
Daniel Ginczek;FW;Wolfsburg;215
Matthias Ginter;CB;Mönchengladbach;3060
Andrei Girotto;CB;Nantes;2668
Olivier Giroud;FW;Chelsea;748
Robert Glatzel;FW;Mainz 05;359
Kamil Glik;CB;Benevento;3206
Serge Gnabry;W;Bayern Munich;1644
Ben Godfrey;CB;Everton;2685
Diego Godín;CB;Cagliari;2508
Akaki Gogia;W;Union Berlin;140
Amer Gojak;AM;Torino;475
Edoardo Goldaniga;CB;Genoa;1857
Vladimir Golemić;CB;Crotone;2341
Pierluigi Gollini;GK;Atalanta;2156
Aleksandr Golovin;AM;Monaco;1069
Tomislav Gomelt;CM;Crotone;19
André Gomes;CM;Everton;1570
Dani Gómez;FW;Levante;1666
Ibai Gómez;W;Athletic Club;424
Joe Gomez;CB;Liverpool;590
Maxi Gómez;FW;Valencia;2689
Moi Gómez;W;Villarreal;2563
Papu Gómez;AM;Atalanta;666
Papu Gómez;AM;Sevilla;914
Sergi Gómez;CB;Sevilla;719
Sergio Gómez;AM;Huesca;792
Alfred Gomis;GK;Dijon;450
Alfred Gomis;GK;Rennes;1980
Maxime Gonalons;CM;Granada;1480
Vagner Gonçalves;W;Metz;967
Álvaro González;CB;Marseille;2831
Bruno González;CB;Valladolid;2263
Diego González;CB;Elche;1280
Nicolás González;W;Stuttgart;934
Sergio González;CM;Cádiz;90
Urko González;CB;Real Sociedad;47
Anthony Gordon;W;Everton;88
Leon Goretzka;CM;Bayern Munich;1705
Andoni Gorosabel;FB;Real Sociedad;2382
Robin Gosens;FB;Atalanta;2523
Amine Gouiri;FW;Nice;2747
Jeffrey Gouweleeuw;CB;Augsburg;2835
Jonathan Gradit;CB;Lens;2823
Karlan Grant;FW;West Brom;1127
Alberto Grassi;CM;Parma;1177
Andrew Gravillon;CB;Lorient;2272
Demarai Gray;W;Leicester City;19
Demarai Gray;W;Leverkusen;442
Adrian Grbić;FW;Lorient;961
Jack Grealish;W;Aston Villa;2185
Etienne Green;GK;Saint-Étienne;720
Mason Greenwood;W;Manchester Utd;1822
Michael Gregoritsch;AM;Augsburg;835
Clément Grenier;CM;Rennes;1078
Sebastian Griesbeck;CM;Union Berlin;890
Antoine Griezmann;AM;Barcelona;2604
Vincenzo Grifo;W;Freiburg;2313
Lennart Grill;GK;Leverkusen;360
Florian Grillitsch;CM;Hoffenheim;1879
Christian Groß;CM;Werder Bremen;1468
Pascal Groß;CM;Brighton;2484
Kamil Grosicki;W;West Brom;148
Ilia Gruev;CM;Werder Bremen;1
Carlos Gruezo;CM;Augsburg;2084
Vicente Guaita;GK;Crystal Palace;3330
Andrés Guardado;CM;Betis;1318
Sergi Guardiola;FW;Valladolid;1795
Nemanja Gudelj;CM;Sevilla;1041
Gonçalo Guedes;W;Valencia;2287
Mattéo Guendouzi;CM;Hertha BSC;1818
Raphaël Guerreiro;FB;Dortmund;2218
Evann Guessand;FW;Nice;29
Kelyan Guessoum;CB;Nîmes;1128
Ander Guevara;CM;Real Sociedad;2081
Lamine Gueye;W;Metz;1454
Pape Gueye;CM;Marseille;2058
John Guidetti;FW;Alavés;208
Josuha Guilavogui;CM;Wolfsburg;747
Frederic Guilbert;FB;Strasbourg;1114
Hugo Guillamón;CB;Valencia;1988
Bruno Guimarães;CM;Lyon;1754
Sehrou Guirassy;FW;Rennes;1764
Péter Gulácsi;GK;RB Leipzig;2970
Manuel Gulde;CB;Freiburg;1954
Robert Gumny;FB;Augsburg;1377
İlkay Gündoğan;CM;Manchester City;2029
Christian Günter;FB;Freiburg;3060
Koray Günter;CB;Hellas Verona;1768
Jon Guridi;CM;Real Sociedad;831
Malo Gusto;FB;Lyon;2
Raúl Guti;CM;Elche;2862
Marcos Mauro López Gutiérrez;CB;Cádiz;1825
Miguel Gutiérrez;FB;Real Madrid;316
Emmanuel Gyasi;W;Spezia;2851
Erling Haaland;FW;Dortmund;2407
Janik Haberer;CM;Freiburg;486
Alexander Hack;CB;Mainz 05;1370
Antwoine Hackford;FW;Sheffield Utd;11
Munir El Haddadi;FW;Sevilla;845
André Hahn;W;Augsburg;2037
Amadou Haidara;CM;RB Leipzig;1905
Massadio Haïdara;FB;Lens;2132
Achraf Hakimi;W;Inter;2665
Sébastien Haller;FW;West Ham;937
Marcel Halstenberg;FB;RB Leipzig;1651
Pierre-Yves Hamel;FW;Lorient;849
Romain Hamouma;FW;Saint-Étienne;1769
Samir Handanović;GK;Inter;3240
Lukáš Haraslín;W;Sassuolo;333
Amine Harit;AM;Schalke 04;2101
Rekeem Harper;CM;West Brom;32
Jack Harrison;W;Leeds United;2847
Marcel Hartel;AM;Arminia;1681
Makoto Hasebe;CM;Eintracht Frankfurt;2288
Hans Hateboer;FB;Atalanta;1762
Kortney Hause;CB;Aston Villa;630
Kai Havertz;AM;Chelsea;1520
Isaac Hayden;CM;Newcastle Utd;1942
Eden Hazard;W;Real Madrid;532
Thorgan Hazard;W;Dortmund;654
Jonas Hector;CM;Köln;1290
Michael Hector;CB;Fulham;263
Hwang Hee-chan;FW;RB Leipzig;460
Ahmed Hegazi;CB;West Brom;90
Dominique Heintz;CB;Freiburg;1369
Dean Henderson;GK;Manchester Utd;1125
Jordan Henderson;CM;Liverpool;1704
Jeff Hendrick;CM;Newcastle Utd;1422
Benjamin Henrichs;FB;RB Leipzig;540
Dalbert Henrique;FB;Rennes;373
Eduardo Henrique;CM;Crotone;924
Luis Henrique;W;Marseille;675
Christophe Hérelle;CB;Brest;1377
Jérôme Hergault;FB;Lorient;1625
Mario Hermoso;CB;Atlético Madrid;2578
Aridane Hernández;CB;Osasuna;2026
Lucas Hernández;FB;Bayern Munich;1597
Pablo Hernández;AM;Leeds United;427
Theo Hernández;FB;Milan;2933
Hernani;CM;Parma;2189
Ander Herrera;CM;Paris Saint-Germain;1851
Héctor Herrera;CM;Atlético Madrid;682
Sergio Herrera;GK;Osasuna;2958
Yangel Herrera;CM;Granada;2310
Patrick Herrmann;W;Mönchengladbach;876
Pablo Hervías;W;Valladolid;1204
Përparim Hetemaj;CM;Benevento;2212
Son Heung-min;W;Tottenham;3114
Aaron Hickey;FB;Bologna;758
Vitorino Hilton;CB;Montpellier;2117
Martin Hinteregger;CB;Eintracht Frankfurt;2527
Marwin Hitz;GK;Dortmund;1395
Wesley Hoedt;CB;Lazio;952
Ki-Jana Hoever;FB;Wolves;577
Nicolas Höfler;CM;Freiburg;2729
Jonas Hofmann;W;Mönchengladbach;1817
Marco Höger;CM;Köln;53
Rob Holding;CB;Arsenal;2558
Lucas Höler;FW;Freiburg;2089
Mason Holgate;CB;Everton;2287
Jordan Holsgrove;CM;Celta Vigo;145
Franck Honorat;W;Brest;2458
Matthew Hoppe;FW;Schalke 04;1305
Jannes Horn;FB;Köln;1768
Timo Horn;GK;Köln;3009
Fraser Hornby;FW;Reims;35
Conor Hourihane;CM;Aston Villa;225
Lukáš Hrádecký;GK;Leverkusen;2565
Ajdin Hrustic;AM;Eintracht Frankfurt;272
Florian Hübner;CB;Union Berlin;525
Callum Hudson-Odoi;W;Chelsea;1059
Niall Huggins;FB;Leeds United;38
Mats Hummels;CB;Dortmund;2813
Adrien Hunou;FW;Rennes;589
Klaas-Jan Huntelaar;FW;Schalke 04;588
Elseid Hysaj;FB;Napoli;1768
Pierre Højbjerg;CM;Tottenham;3420
Simone Iacoponi;CB;Parma;1193
Iago;FB;Augsburg;1560
Roger Ibanez;CB;Roma;2398
Vedad Ibišević;FW;Schalke 04;156
Vicente Iborra;CM;Villarreal;928
Didier Ibrahim Ndong;CM;Dijon;2610
Zlatan Ibrahimović;FW;Milan;1493
Mauro Icardi;FW;Paris Saint-Germain;1079
Oussama Idrissi;W;Sevilla;27
Blendi Idrizi;AM;Schalke 04;238
Odion Ighalo;FW;Manchester Utd;10
Iglesias;FB;Getafe;605
Borja Iglesias;FW;Betis;1411
Igor;CB;Fiorentina;1168
Kelechi Iheanacho;FW;Leicester City;1459
Jonathan Ikone;W;Lille;2177
Yun Il-lok;W;Montpellier;312
Ilaix;CM;Barcelona;542
Ivan Ilić;CM;Hellas Verona;1835
Josip Iličić;AM;Atalanta;1526
Asier Illarramendi;CM;Real Sociedad;337
Stefan Ilsanker;CM;Eintracht Frankfurt;1578
Ciro Immobile;FW;Lazio;2849
Riccardo Improta;W;Benevento;2335
Roberto Inglese;FW;Parma;576
Danny Ings;FW;Southampton;2173
Marcus Ingvartsen;AM;Union Berlin;1963
Lorenzo Insigne;W;Napoli;2865
Roberto Insigne;W;Benevento;1599
Pablo Insua;CB;Huesca;1587
Takashi Inui;W;Eibar;1819
Artur Ioniță;CM;Benevento;2835
Alexander Isak;FW;Real Sociedad;2340
Isco;AM;Real Madrid;908
Ardian Ismajli;CB;Spezia;1297
Branislav Ivanović;CB;West Brom;767
Alex Iwobi;W;Everton;1542
Jairo Izquierdo;W;Cádiz;1277
José Izquierdo;W;Brighton;9
Armando Izzo;CB;Torino;2004
Phil Jagielka;CB;Sheffield Utd;526
Alireza Jahanbakhsh;W;Brighton;528
Mato Jajalo;CM;Udinese;34
Ismail Jakobs;W;Köln;1726
Daniel James;W;Manchester Utd;910
Reece James;FB;Chelsea;2373
Alexandre Jankewitz;CM;Southampton;3
Saidy Janko;FB;Valladolid;1220
Jakub Jankto;W;Sampdoria;2409
Tony Jantschke;CB;Mönchengladbach;269
Adnan Januzaj;W;Real Sociedad;1014
Rune Jarstein;GK;Hertha BSC;720
Jason;W;Valencia;441
Luis Javier Suárez;FW;Granada;1666
Corentin Jean;FW;Lens;580
Daniel Jebbison;FW;Sheffield Utd;284
Tin Jedvaj;CB;Leverkusen;152
Fredrik Jensen;AM;Augsburg;377
Jesé;W;Paris Saint-Germain;24
Gabriel Jesus;FW;Manchester City;2063
Juan Jesus;CB;Roma;157
Raúl Jiménez;FW;Wolves;823
Joaquín;W;Betis;1291
John Joe;FW;Getafe;65
Joelinton;FW;Newcastle Utd;1983
Marco John;W;Hoffenheim;997
Ben Johnson;FB;West Ham;523
Sam Johnstone;GK;West Brom;3330
Curtis Jones;CM;Liverpool;1179
Frenkie de Jong;CM;Barcelona;3154
Luuk de Jong;FW;Sevilla;1268
Jony;W;Osasuna;871
Joan Jordán;CM;Sevilla;2406
Jorginho;CM;Chelsea;2010
Josan;W;Elche;1926
Willian José;FW;Wolves;1110
Willian José;FW;Real Sociedad;689
Joselu;FW;Alavés;3026
Josema;CB;Elche;1966
Jota;W;Valladolid;668
Jota;W;Alavés;1398
Diogo Jota;W;Liverpool;1112
Stevan Jovetić;FW;Monaco;802
Luka Jović;FW;Real Madrid;149
Luka Jović;FW;Eintracht Frankfurt;894
Juanmi;W;Betis;604
Hamed Junior Traorè;AM;Sassuolo;1789
Vinicius Júnior;W;Real Madrid;1969
James Justin;FB;Leicester City;2070
Musa Juwara;W;Bologna;46
Jens Jønsson;CM;Cádiz;2615
Ozan Kabak;CB;Liverpool;801
Ozan Kabak;CB;Schalke 04;1243
Abdoul Kader Bamba;W;Nantes;917
Pavel Kadeřábek;FB;Hoffenheim;1588
Tino Kadewere;W;Lyon;2009
Damian Kądzior;W;Eibar;195
Florian Kainz;W;Köln;447
Gaël Kakuta;AM;Lens;2394
Sasa Kalajdzic;FW;Stuttgart;2136
Arnaud Kalimuendo;FW;Paris Saint-Germain;73
Arnaud Kalimuendo;FW;Lens;1218
Nikola Kalinić;FW;Hellas Verona;1063
Yayah Kallon;AM;Genoa;45
Samuel Kalu;W;Bordeaux;964
Pierre Kalulu;FB;Milan;727
Daichi Kamada;AM;Eintracht Frankfurt;2356
Aboubakar Kamara;FW;Fulham;315
Aboubakar Kamara;FW;Dijon;557
Bingourou Kamara;GK;Strasbourg;720
Boubacar Kamara;CM;Marseille;2894
Hassane Kamara;FB;Nice;2960
Marcin Kamiński;CB;Stuttgart;219
Kevin Kampl;CM;RB Leipzig;1932
Harry Kane;FW;Tottenham;3082
Wilfried Kanga;FW;Angers;132
Lee Kangin;AM;Valencia;1262
N'Golo Kanté;CM;Chelsea;2146
Jimmy Kaparos;CM;Schalke 04;18
Yann Karamoh;W;Parma;1294
Isaac Karamoko;W;Sassuolo;1
Atakan Karazor;CB;Stuttgart;1037
Augustus Kargbo;AM;Crotone;32
Loris Karius;GK;Union Berlin;292
Rick Karsdorp;FB;Roma;2544
Noah Katterbach;FB;Köln;1111
Eiji Kawashima;GK;Strasbourg;2160
Moise Kean;FW;Everton;15
Moise Kean;FW;Paris Saint-Germain;1698
Michael Keane;CB;Everton;2991
Neeskens Kebano;AM;Fulham;119
Thilo Kehrer;CB;Paris Saint-Germain;1616
Habib Keita;FW;Lyon;6
Naby Keïta;CM;Liverpool;520
Yannik Keitel;CM;Freiburg;498
Caoimhín Kelleher;GK;Liverpool;180
Stephane Keller;CB;Alavés;16
Martin Kelly;FB;Crystal Palace;2
Marc-Oliver Kempf;CB;Stuttgart;2727
Kenedy;W;Granada;1471
Jonjoe Kenny;FB;Everton;79
Franck Kessié;CM;Milan;3226
Reda Khadra;W;Brighton;5
Omar Khailoti;CB;Bologna;28
Saîf-Eddine Khaoui;AM;Marseille;606
Wahbi Khazri;FW;Saint-Étienne;1181
Rani Khedira;CM;Augsburg;1818
Sami Khedira;CM;Hertha BSC;395
Kike;W;Eibar;3087
Luca Kilian;CB;Mainz 05;381
Max Kilman;CB;Wolves;1310
Joshua Kimmich;CM;Bayern Munich;2194
Presnel Kimpembe;CB;Paris Saint-Germain;2303
Joshua King;AM;Everton;148
Giorgos Kiriakopoulos;FB;Sassuolo;1456
Simon Kjær;CB;Milan;2393
Davy Klaassen;AM;Werder Bremen;222
Felix Klaus;W;Wolfsburg;137
Klauss;FW;Hoffenheim;51
Ragnar Klavan;CB;Cagliari;770
Philipp Klement;AM;Stuttgart;421
Mateusz Klich;CM;Leeds United;2393
Mateo Klimowicz;AM;Stuttgart;1198
Fabian Klos;FW;Arminia;2709
Lukas Klostermann;FB;RB Leipzig;1446
Justin Kluivert;W;Roma;19
Justin Kluivert;W;RB Leipzig;813
Lukas Klünter;FB;Hertha BSC;990
Ansgar Knauff;W;Dortmund;71
Robin Knoche;CB;Union Berlin;3042
Gregor Kobel;GK;Stuttgart;2970
Robin Koch;CB;Leeds United;1132
Giorgi Kochorashvili;CM;Levante;23
Kenan Kodro;FW;Valladolid;459
Kenan Kodro;FW;Athletic Club;44
Dominik Kohr;CM;Mainz 05;1268
Dominik Kohr;CM;Eintracht Frankfurt;260
Koba Koindredi;CM;Valencia;15
Koke;CM;Atlético Madrid;3021
Aleksandr Kokorin;FW;Fiorentina;94
Aleksandar Kolarov;FB;Inter;390
Sead Kolašinac;FB;Arsenal;90
Sead Kolašinac;FB;Schalke 04;1426
Randal Kolo Muani;FW;Nantes;3029
Timothée Kolodziejczak;CB;Saint-Étienne;2036
Ghislain Konan;FB;Reims;2613
Ibrahima Konaté;CB;RB Leipzig;695
Moussa Konaté;FW;Dijon;1196
Geoffrey Kondogbia;CM;Atlético Madrid;611
Geoffrey Kondogbia;CM;Valencia;440
Lamine Koné;CB;Strasbourg;1042
Moussa Koné;FW;Nîmes;1755
Youssouf Koné;FB;Elche;73
Terence Kongolo;CB;Fulham;90
Ezri Konsa;CB;Aston Villa;3196
Laurent Koscielny;CB;Bordeaux;2218
Filip Kostić;W;Eintracht Frankfurt;2534
Márk Kosznovszky;CM;Parma;90
Christian Kouamé;FW;Fiorentina;995
Nianzou Kouassi;CB;Bayern Munich;118
Kalidou Koulibaly;CB;Napoli;2209
Jules Koundé;CB;Sevilla;2975
Boubakar Kouyaté;CB;Metz;1964
Cheikhou Kouyaté;CB;Crystal Palace;3121
Mateo Kovačić;CM;Chelsea;1815
Viktor Kovalenko;AM;Atalanta;4
Emil Krafth;FB;Newcastle Utd;1288
Andrej Kramarić;FW;Hoffenheim;2379
Christoph Kramer;CM;Mönchengladbach;2033
Jean-Philippe Krasso;FW;Saint-Étienne;223
Toni Kroos;CM;Real Madrid;2117
Filip Krovinović;AM;West Brom;546
Rade Krunić;CM;Milan;723
Max Kruse;AM;Union Berlin;1629
Lukas Kübler;FB;Freiburg;884
Takefusa Kubo;W;Villarreal;299
Takefusa Kubo;W;Getafe;805
Juraj Kucka;CM;Parma;2334
Kuki;AM;Valladolid;30
Dejan Kulusevski;W;Juventus;1923
Marash Kumbulla;CB;Roma;1363
Pierre Kunde;CM;Mainz 05;513
Fabian Kunze;CM;Arminia;1270
Jasmin Kurtić;CM;Parma;2739
Layvin Kurzawa;FB;Paris Saint-Germain;1278
Dereck Kutesa;W;Reims;687
Ahmed Kutucu;FW;Schalke 04;108
Enock Kwateng;FB;Bordeaux;1038
Antonino La Gumina;FW;Sampdoria;341
Gaëtan Laborde;FW;Montpellier;3256
Alexandre Lacazette;FW;Arsenal;1923
Tom Lacoux;CM;Bordeaux;523
Maxence Lacroix;CB;Wolfsburg;2590
Alban Lafont;GK;Nantes;3420
Víctor Laguardia;CB;Alavés;2631
Konrad Laimer;CM;RB Leipzig;84
Stefan Lainer;FB;Mönchengladbach;2768
Diego Lainez;W;Betis;862
Kenny Lala;FB;Strasbourg;1834
Adam Lallana;AM;Brighton;1596
Érik Lamela;W;Tottenham;717
Sam Lammers;FW;Atalanta;291
Tariq Lamptey;FB;Brighton;886
Loïck Landre;CB;Nîmes;1626
Michael Langer;GK;Schalke 04;239
Manuel Lanzini;AM;West Ham;566
Gianluca Lapadula;FW;Benevento;2563
Aymeric Laporte;CB;Manchester City;1344
Julien Laporte;CB;Lorient;2659
Danilo Larangeira;CB;Bologna;3132
Gautier Larsonneur;GK;Brest;3150
Kevin Lasagna;FW;Udinese;1103
Kevin Lasagna;FW;Hellas Verona;1267
Jamaal Lascelles;CB;Newcastle Utd;1625
Paul Lasne;CM;Brest;1681
Toni Lato;FB;Valencia;728
Danny Latza;CM;Mainz 05;1800
Armand Lauriente;W;Lorient;1622
Vincent Laurini;FB;Parma;870
Lauti;FW;Celta Vigo;14
Wesley Lautoa;CB;Dijon;1608
Valentino Lazaro;W;Mönchengladbach;1240
Darko Lazović;W;Hellas Verona;2503
Manuel Lazzari;W;Lazio;2613
Jérémy Le Douaron;FW;Brest;816
Enzo Le Fée;AM;Lorient;1816
Vincent Le Goff;FB;Lorient;2306
Maxime Le Marchand;CB;Fulham;123
Robin Le Normand;CB;Real Sociedad;2747
Damien Le Tallec;CM;Montpellier;1227
James Lea Siliki;CM;Rennes;255
Rafael Leão;FW;Milan;1924
Jean-Louis Leca;GK;Lens;3313
Mathew Leckie;W;Hertha BSC;506
Benjamin Lecomte;GK;Monaco;2520
Jeremías Ledesma;GK;Cádiz;2880
Pierre Lees-Melou;CM;Nice;2063
Lucas Leiva;CM;Lazio;2131
Florian Lejeune;CB;Alavés;3015
Iñigo Lekue;FB;Athletic Club;644
Thomas Lemar;AM;Atlético Madrid;1366
Mario Lemina;CM;Fulham;1703
Fabien Lemoine;CM;Lorient;1934
Clément Lenglet;CB;Barcelona;2475
Bernd Leno;GK;Arsenal;3131
Christopher Lenz;FB;Union Berlin;2248
Pedro León;W;Eibar;935
Sergio León;FW;Levante;748
Lukas Lerager;CM;Genoa;1159
Mehdi Léris;CM;Sampdoria;386
Khanya Leshabela;CM;Leicester City;10
Karlo Letica;GK;Sampdoria;90
Gaetano Letizia;FB;Benevento;1570
Robert Lewandowski;FW;Bayern Munich;2458
Jamal Lewis;FB;Newcastle Utd;1837
Aaron Leya Iseka;FW;Metz;1008
Yanis Lhery;FW;Saint-Étienne;30
Dimitri Liénard;CM;Strasbourg;1829
Philipp Lienhart;CB;Freiburg;2993
Matthijs de Ligt;CB;Juventus;2220
Isaac Lihadji;W;Lille;196
Dimitris Limnios;W;Köln;378
Victor Lindelöf;CB;Manchester Utd;2585
Karol Linetty;CM;Torino;1832
Jesse Lingard;AM;West Ham;1421
Pol Lirola;FB;Fiorentina;498
Pol Lirola;FB;Marseille;1553
Jake Livermore;CM;West Brom;1242
Diego Llorente;CB;Leeds United;1204
Diego Llorente;CB;Real Sociedad;90
Fernando Llorente;FW;Udinese;713
Fernando Llorente;FW;Napoli;52
Marcos Llorente;CM;Atlético Madrid;2956
Hugo Lloris;GK;Tottenham;3420
Giovani Lo Celso;CM;Tottenham;945
Stanislav Lobotka;CM;Napoli;154
Manuel Locatelli;CM;Sassuolo;2883
Renan Lodi;FB;Atlético Madrid;1129
Ruben Loftus-Cheek;CM;Chelsea;60
Ruben Loftus-Cheek;CM;Fulham;1909
Niklas Lomb;GK;Leverkusen;135
Kevin Long;CB;Burnley;637
Shane Long;FW;Southampton;210
Matthew Longstaff;CM;Newcastle Utd;377
Sean Longstaff;CM;Newcastle Utd;1412
Ademola Lookman;W;Fulham;2747
Anthony Lopes;GK;Lyon;3420
Rony Lopes;W;Nice;1783
Pedro López Muñoz;FB;Huesca;1067
Adrián López;FW;Osasuna;481
Javi López;FB;Alavés;248
Maxime Lopez;CM;Sassuolo;1864
Maxime Lopez;CM;Marseille;134
Pau López;GK;Roma;1817
Roberto López;AM;Real Sociedad;505
Unai López;CM;Athletic Club;1424
Dion Lopy;CM;Reims;256
Jordan Lotomba;FB;Nice;2123
Adrien Louveau;CB;Lens;8
Imran Louza;CM;Nantes;2379
Matteo Lovato;CB;Hellas Verona;1386
Max Lowe;FB;Sheffield Utd;550
Eduard Löwen;CM;Hertha BSC;85
Matthew Lowton;FB;Burnley;3060
Anthony Lozano;FW;Cádiz;1523
Hirving Lozano;W;Napoli;1965
Jan Luca Schuler;FW;Schalke 04;40
Jean Lucas;CM;Lyon;172
Jean Lucas;CM;Brest;1011
Anderson Lucoqui;FB;Arminia;1604
Jeison Lucumí;W;Elche;49
Kilian Ludewig;FB;Schalke 04;520
José Luis Gayà;FB;Valencia;2846
José Luis Morales;FW;Levante;2439
José Luis Palomino;CB;Atalanta;2428
Florentino Luís;CM;Monaco;241
Luisinho;FB;Huesca;179
Luismi;CM;Elche;168
David Luiz;CB;Arsenal;1396
Douglas Luiz;CM;Aston Villa;2781
Romelu Lukaku;FW;Inter;2884
Dodi Lukebakio;W;Hertha BSC;1855
Saša Lukić;CM;Torino;2106
Senad Lulić;W;Lazio;718
John Lundstram;CM;Sheffield Utd;2032
Sebastiano Luperto;CB;Crotone;1879
Andreas Luthe;GK;Union Berlin;2768
Lyanco;CB;Torino;1959
Charalambos Lykogiannis;FB;Cagliari;2418
Yann M'Vila;CM;Saint-Étienne;20
Alexis Mac Allister;AM;Brighton;1115
Darwin Machís;W;Granada;2026
Tim Maciejewski;W;Union Berlin;8
Luca Mack;CM;Stuttgart;6
Yvann Macon;FB;Saint-Étienne;539
James Maddison;AM;Leicester City;2099
Mikail Maden;AM;Schalke 04;6
Pablo Maffeo;FB;Huesca;1964
Lisandro Magallán;CB;Crotone;2181
Christian Maggio;FB;Benevento;297
Giulio Maggiore;CM;Spezia;2214
Francesco Magnanelli;CM;Sassuolo;440
Giangiacomo Magnani;CB;Hellas Verona;1510
Hugo Magnetti;CM;Brest;603
Harry Maguire;CB;Manchester Utd;3047
Abdallahi Mahmoud;CM;Alavés;66
Hicham Mahou;W;Nice;34
Riyad Mahrez;W;Manchester City;1949
Arne Maier;CM;Arminia;1034
Arne Maier;CM;Hertha BSC;30
Habib Maïga;CM;Metz;2693
Mike Maignan;GK;Lille;3420
Ainsley Maitland-Niles;CM;Arsenal;490
Ainsley Maitland-Niles;CM;West Brom;1230
Josh Maja;FW;Fulham;810
Josh Maja;FW;Bordeaux;804
Radosław Majecki;GK;Monaco;90
Abdul Majeed Waris;FW;Strasbourg;552
Marco Majouga;W;Nîmes;105
Jean-Victor Makengo;CM;Udinese;522
Nemanja Maksimović;CM;Getafe;2728
Nikola Maksimović;CB;Napoli;1207
Adilson Malanda;CM;Nîmes;19
Filip Malbašić;W;Cádiz;860
Kévin Malcuit;FB;Fiorentina;207
Kévin Malcuit;FB;Napoli;33
Daniel Maldini;AM;Milan;29
Ruslan Malinovskyi;AM;Atalanta;1876
Yunus Mallı;AM;Wolfsburg;58
Hugo Mallo;FB;Celta Vigo;2602
Mickael Malsa;CM;Levante;2338
Dennis Man;W;Parma;699
Hianga Mananga Mbock;CM;Brest;458
Vincent Manceau;FB;Angers;2309
Gianluca Mancini;CB;Roma;2852
Steve Mandanda;GK;Marseille;3330
Reinildo Mandava;FB;Lille;2180
Aïssa Mandi;CB;Betis;2392
Rolando Mandragora;CM;Udinese;398
Rolando Mandragora;CM;Torino;1525
Mario Mandžukić;FW;Milan;212
Sadio Mané;W;Liverpool;2810
Niccolò Manfredini;GK;Benevento;90
Eliaquim Mangala;CB;Valencia;321
Orel Mangala;CM;Stuttgart;2109
Thomas Mangani;CM;Angers;2691
Vito Mannone;GK;Monaco;810
Kostas Manolas;CB;Napoli;2298
Javier Manquillo;FB;Newcastle Utd;825
Juan Manuel Ramos;FB;Spezia;294
Myziane Maolida;FW;Nice;1077
Faitout Maouassa;FB;Rennes;1170
Sekou Mara;FW;Bordeaux;229
Maranhão;FW;Valladolid;1177
Fernando Marçal;FB;Wolves;623
Fernando Marçal;FB;Lyon;78
Marcelo;CB;Real Madrid;1050
Marcelo;CB;Lyon;2907
Solly March;W;Brighton;1672
Federico Marchetti;GK;Genoa;334
Riccardo Marchizza;FB;Spezia;1561
Gian Marco Ferrari;CB;Sassuolo;3014
Iván Marcone;CM;Elche;2645
Óscar de Marcos;FB;Athletic Club;1520
Dario Maresic;CB;Reims;514
José Mari;CM;Cádiz;1451
Pablo Marí;CB;Arsenal;900
José María Giménez;CB;Atlético Madrid;1765
Mariano;FW;Real Madrid;513
Jordan Marié;CM;Dijon;1432
Adrián Marín;FB;Alavés;93
Adrián Marín;FB;Granada;269
Răzvan Marin;CM;Cagliari;2965
Guillermo Maripán;CB;Monaco;2089
Marlon;CB;Sassuolo;1742
Omar Marmoush;FW;Wolfsburg;1
Marquinhos;CB;Paris Saint-Germain;2128
Luca Marrone;CB;Crotone;1588
Roger Martí;FW;Levante;2198
Anthony Martial;FW;Manchester Utd;1480
Aarón Martín;FB;Celta Vigo;1540
Aarón Martín;FB;Mainz 05;262
Álex Martín;CB;Cádiz;96
Jonas Martin;CM;Rennes;482
Martinelli;W;Arsenal;589
Lucas Martínez Quarta;CB;Fiorentina;1483
Emiliano Martínez;GK;Aston Villa;3420
Iñigo Martínez;CB;Athletic Club;2519
Javi Martínez;CM;Osasuna;460
Javi Martínez;CM;Bayern Munich;466
Josep Martinez;GK;RB Leipzig;90
Lautaro Martínez;FW;Inter;2561
Pablo Martinez;CM;Nîmes;540
Gelson Martins;W;Monaco;1551
Adam Marušić;W;Lazio;2966
Sylvain Marveaux;AM;Lorient;200
Marvin;W;Real Madrid;133
Omar Mascarell;CM;Schalke 04;1762
Andrea Masiello;CB;Genoa;2563
Jordi Masip;GK;Valladolid;2250
Roberto Massimo;W;Stuttgart;757
Giuseppe Mastinu;W;Spezia;32
Arthur Masuaku;FB;West Ham;1006
Jaime Mata;FW;Getafe;2037
Juan Mata;AM;Manchester Utd;509
Pape Matar Sarr;CM;Metz;1594
Eliot Matazo;CM;Monaco;314
Jean-Philippe Mateta;FW;Crystal Palace;221
Jean-Philippe Mateta;FW;Mainz 05;997
Nemanja Matić;CM;Manchester Utd;1106
Joël Matip;CB;Liverpool;691
Rabbi Matondo;W;Schalke 04;220
Ryder Matos;AM;Udinese;13
Henning Matriciani;FB;Schalke 04;24
Chrislain Matsima;CB;Monaco;352
Federico Mattiello;FB;Spezia;36
Neal Maupay;FW;Brighton;2512
Tony Mauricio;AM;Lens;502
Stephy Mavididi;W;Montpellier;2030
Konstantinos Mavropanos;CB;Stuttgart;1463
Eric Maxim Choupo-Moting;FW;Bayern Munich;820
Borja Mayoral;FW;Roma;1551
Borja Mayoral;FW;Real Madrid;23
Youssef Maziz;W;Metz;257
Antonio Mazzotta;W;Crotone;56
Kevin Mbabu;FB;Wolfsburg;1642
Kylian Mbappé;FW;Paris Saint-Germain;2380
Ibrahima Mbaye;FB;Bologna;428
Jean-Manuel Mbom;CM;Werder Bremen;1160
Nathanael Mbuku;W;Reims;2210
James McArthur;CM;Crystal Palace;1466
Oliver McBurnie;FW;Sheffield Utd;1324
Alex McCarthy;GK;Southampton;2700
James McCarthy;CM;Crystal Palace;821
John McGinn;CM;Aston Villa;3330
David McGoldrick;FW;Sheffield Utd;2397
Weston McKennie;CM;Juventus;1702
Dwight McNeil;W;Burnley;3069
Scott McTominay;CM;Manchester Utd;2129
Gary Medel;CM;Bologna;511
Facundo Medina;CB;Lens;2007
Nathan de Medina;FB;Arminia;639
Ben Mee;CB;Burnley;2693
Joshua Mees;W;Union Berlin;5
Admir Mehmedi;AM;Wolfsburg;820
Soualiho Meïté;CM;Torino;920
Soualiho Meïté;CM;Milan;588
Hannibal Mejbri;AM;Manchester Utd;9
Farid El Melali;W;Angers;414
Filippo Melegoni;CM;Genoa;389
Gonzalo Melero;CM;Levante;1853
Birger Meling;FB;Nîmes;2328
Arthur Melo;CM;Juventus;1157
Houboulang Mendes;FB;Lorient;1297
Pedro Mendes;CB;Montpellier;1626
Thiago Mendes;CM;Lyon;2243
Brais Méndez;W;Celta Vigo;2671
Édgar Méndez;W;Alavés;2090
Eñaut Mendía;FW;Eibar;61
Batista Mendy;CM;Nantes;76
Benjamin Mendy;FB;Manchester City;953
Edouard Mendy;GK;Chelsea;2745
Edouard Mendy;GK;Rennes;90
Ferland Mendy;FB;Real Madrid;2208
Nampalys Mendy;CM;Leicester City;1459
Hamza Mendyl;FB;Schalke 04;95
Levent Mercan;AM;Schalke 04;5
Jorge Meré;CB;Köln;1300
Alex Meret;GK;Napoli;1980
Mikel Merino;CM;Real Sociedad;2154
Martín Merquelanz;W;Real Sociedad;549
Yıldırım Mert Çetin;CB;Hellas Verona;418
Dries Mertens;FW;Napoli;1459
Roque Mesa;CM;Valladolid;1761
Illan Meslier;GK;Leeds United;3150
Lionel Messi;W;Barcelona;3023
Junior Messias;AM;Crotone;3215
Thomas Meunier;FB;Dortmund;1472
Mexer;CB;Bordeaux;712
Max Meyer;AM;Köln;351
Omenuke Mfulu;CM;Elche;789
Míchel;CM;Valladolid;946
Jonas Michel Dirkner;CM;Hertha BSC;16
Jonas Michelbrink;AM;Hertha BSC;39
Clément Michelin;FB;Lens;1154
Edouard Michut;AM;Paris Saint-Germain;2
Petar Mićin;AM;Udinese;15
Florian Miguel;FB;Nîmes;1538
Valentin Mihaila;W;Parma;698
Nikola Milenković;CB;Fiorentina;3034
Arkadiusz Milik;FW;Marseille;1220
Sergej Milinković-Savić;CM;Lazio;2746
Vanja Milinković-Savić;GK;Torino;450
Éder Militão;CB;Real Madrid;1133
Luka Milivojević;CM;Crystal Palace;2359
Luis Milla;CM;Granada;1253
Pere Milla;W;Elche;1981
Alejandro Millán;FW;Villarreal;2
Vincenzo Millico;W;Torino;21
Enzo Millot;CM;Monaco;41
James Milner;CM;Liverpool;1070
Santi Mina;FW;Celta Vigo;2412
Yerry Mina;CB;Everton;1937
Takumi Minamino;W;Southampton;711
Takumi Minamino;W;Liverpool;293
Tyrone Mings;CB;Aston Villa;3194
Óscar Mingueza;CB;Barcelona;1901
Rafa Mir;FW;Huesca;2877
Jorge Miramón;FB;Levante;1732
Aleksei Miranchuk;AM;Atalanta;675
Juan Miranda;FB;Betis;1652
Antonio Mirante;GK;Roma;1153
Tyrick Mitchell;FB;Crystal Palace;1710
Aleksandar Mitrović;FW;Fulham;1402
Stefan Mitrović;CB;Strasbourg;2784
Maximilian Mittelstädt;FB;Hertha BSC;1797
Henrikh Mkhitaryan;AM;Roma;2745
Jakub Moder;CM;Brighton;647
Anthony Modeste;FW;Saint-Étienne;293
Anthony Modeste;FW;Köln;221
Luka Modrić;CM;Real Madrid;2733
Terem Moffi;FW;Lorient;2073
Kevin Möhwald;CM;Werder Bremen;1555
Niklas Moisander;CB;Werder Bremen;1222
Dion Moise Sahi;ST;Strasbourg;94
Johan Mojica;FB;Atalanta;299
Johan Mojica;FB;Elche;1204
Guillem Molina;CB;Valencia;153
Jorge Molina;FW;Granada;1615
Nahuel Molina;FB;Udinese;1828
Salvatore Molina;W;Crotone;2315
Victor Mollejo;W;Getafe;72
Florent Mollet;CM;Montpellier;2355
Jayson Molumby;CM;Brighton;1
Alkhaly Momo Cissé;W;Stuttgart;38
Jon Moncayola;CM;Osasuna;2660
Gabriele Moncini;FW;Benevento;357
Thomas Monconduit;CM;Lorient;1153
Kévin Monnet-Paquet;W;Saint-Étienne;564
Nacho Monreal;FB;Real Sociedad;2082
Cristóbal Montiel Rodríguez;AM;Fiorentina;4
Lorenzo Montipò;GK;Benevento;3330
Ángel Montoro;CM;Granada;1362
Martín Montoya;FB;Betis;239
Emre Mor;W;Celta Vigo;500
Luca Mora;CM;Spezia;113
Wesley Moraes;FW;Aston Villa;18
Álvaro Morata;FW;Juventus;2014
Jan Morávek;CM;Augsburg;267
Jon Morcillo;W;Athletic Club;1363
Jérémy Morel;CB;Lorient;2493
Alberto Moreno;FB;Villarreal;193
Álex Moreno;FB;Betis;1786
Gerard Moreno;FW;Villarreal;2673
Tete Morente;W;Elche;2019
Mateu Morey;FB;Dortmund;829
Wes Morgan;CB;Leicester City;18
Raúl Moro;W;Lazio;11
Loren Morón;FW;Betis;991
Pedro Mosquera;CM;Huesca;2050
Aimen Moueffek;CM;Saint-Étienne;743
Youssoufa Moukoko;FW;Dortmund;422
Harold Moukoudi;CB;Saint-Étienne;2276
Jessy Moulin;GK;Saint-Étienne;2610
Steve Mounié;FW;Brest;2680
Mason Mount;AM;Chelsea;2890
Lucas Moura;W;Tottenham;1411
Lys Mousset;FW;Sheffield Utd;296
João Moutinho;CM;Wolves;2528
Samuel Moutoussamy;CM;Nantes;82
Loris Mouyokolo;CB;Lorient;19
Javi Moyano;FB;Valladolid;103
Nordi Mukiele;FB;RB Leipzig;1677
Benoît Mukinayi;CB;Monaco;2870
Mert Müldür;FB;Sassuolo;1672
Florian Müller;GK;Freiburg;2790
Sebastian Müller;FW;Arminia;4
Thomas Müller;AM;Bayern Munich;2674
Joel Mumbongo;FW;Burnley;40
Marshall Munetsi;CM;Reims;1928
Iker Muniain;AM;Athletic Club;1943
Aihen Muñoz;FB;Real Sociedad;1210
Joaquín Muñoz;W;Huesca;41
Luis Muriel;FW;Atalanta;1436
Jeison Murillo;CB;Celta Vigo;2699
Vedat Muriqi;FW;Lazio;832
Jacob Murphy;W;Newcastle Utd;1626
Nicola Murru;FB;Torino;569
Petar Musa;FW;Union Berlin;715
Mateo Musacchio;CB;Lazio;229
Mateo Musacchio;CB;Milan;34
Yunus Musah;W;Valencia;1530
Jamal Musiala;AM;Bayern Munich;881
Juan Musso;GK;Udinese;3147
Shkodran Mustafi;CB;Arsenal;47
Shkodran Mustafi;CB;Schalke 04;1037
Yoshinori Mutō;FW;Eibar;1122
Phillipp Mwene;FB;Mainz 05;1674
Joakim Mæhle;FB;Atalanta;1216
Obite N'Dicka;CB;Eintracht Frankfurt;2044
Kévin N'Doram;CM;Metz;307
Stanley N'Soki;FB;Nice;1246
Nacho;CB;Valladolid;1813
Nacho;FB;Real Madrid;2000
Yuto Nagatomo;FB;Marseille;1594
Kenny Nagera;FW;Paris Saint-Germain;2
Radja Nainggolan;AM;Cagliari;1841
Radja Nainggolan;AM;Inter;46
Marvelous Nakamba;CM;Aston Villa;749
Nahitan Nández;CM;Cagliari;2737
Nano;FW;Cádiz;9
Paul Nardi;GK;Lorient;2070
Matija Nastasić;CB;Schalke 04;1221
Roberto Navarro;AM;Real Sociedad;35
Ximo Navarro;FB;Alavés;2375
Jesús Navas;FB;Sevilla;2827
Keylor Navas;GK;Paris Saint-Germain;2520
Raúl Navas;CB;Osasuna;168
Papa Ndiaga Yade;AM;Metz;1001
Iliman Ndiaye;AM;Sheffield Utd;12
Wilfred Ndidi;CM;Leicester City;2176
Bridge Ndilu;FW;Nantes;42
Tanguy Ndombele;CM;Tottenham;2091
Dan Ndoye;W;Nice;551
Paul Nebel;W;Mainz 05;51
Álvaro Negredo;FW;Cádiz;2198
Reiss Nelson;W;Arsenal;71
Ilija Nestorovski;FW;Udinese;701
Neto;GK;Barcelona;630
Pedro Neto;W;Wolves;2550
Luca Netz;FB;Hertha BSC;309
Manuel Neuer;GK;Bayern Munich;2970
Florian Neuhaus;CM;Mönchengladbach;2622
Carlos Neva;FB;Granada;1797
Rúben Neves;CM;Wolves;2675
Neymar;W;Paris Saint-Germain;1415
Yvan Neyou;CM;Saint-Étienne;2438
Jessic Ngankam;FW;Hertha BSC;296
Muzinga Ngonda;FB;Dijon;2307
Ahmad Ngouyamsa;FB;Dijon;157
Opa Nguette;W;Metz;1132
Moussa Niakhate;CB;Mainz 05;2866
Ibrahima Niane;FW;Metz;663
M'Baye Niang;FW;Rennes;422
Mamor Niang;FW;Getafe;22
Florian Niederlechner;FW;Augsburg;1737
Nieto;FW;Cádiz;14
Saúl Ñíguez;CM;Atlético Madrid;2033
Joakim Nilsson;CB;Arminia;2162
Casimir Ninga;W;Angers;23
Nino;FW;Elche;284
Fernando Niño;FW;Villarreal;593
Eddie Nketiah;FW;Arsenal;423
Nicolas Nkoulou;CB;Torino;1358
Niels Nkounkou;FB;Everton;81
Christopher Nkunku;AM;RB Leipzig;1892
Dan Nlundulu;FW;Southampton;111
Mark Noble;CM;West Ham;712
Nolito;W;Celta Vigo;2597
Arnaud Nordin;W;Saint-Étienne;1771
Håvard Nordtveit;CB;Hoffenheim;700
Will Norris;GK;Burnley;180
Oliver Norwood;CM;Sheffield Utd;2220
Olivier Ntcham;CM;Marseille;120
Alexander Nübel;GK;Bayern Munich;90
Kasim Nuhu;CB;Hoffenheim;987
Unai Núñez;CB;Athletic Club;2109
Bram Nuytinck;CB;Udinese;1641
Kelechi Nwakali;AM;Huesca;141
Simeon Nwankwo;FW;Crotone;2943
Gerzino Nyamsi;CB;Rennes;871
Allan Nyom;FB;Getafe;2323
M'Bala Nzola;FW;Spezia;1896
Steven Nzonzi;CM;Rennes;2908
Jack O'Connell;CB;Sheffield Utd;180
Dara O'Shea;CB;West Brom;2102
Michael Obafemi;FW;Southampton;61
Pedro Obiang;CM;Sassuolo;1469
Jan Oblak;GK;Atlético Madrid;3420
Lucas Ocampos;W;Sevilla;2631
Bastian Oczipka;FB;Schalke 04;1922
Brain Oddei;W;Sassuolo;45
Denis Odoi;FB;Fulham;270
Álvaro Odriozola;FB;Real Madrid;829
Angelo Ogbonna;CB;West Ham;2492
Stefano Okaka;FW;Udinese;1489
Shinji Okazaki;FW;Huesca;1128
Masaya Okugawa;W;Arminia;914
Lucas Olaza;FB;Valladolid;1260
Lucas Olaza;FB;Celta Vigo;1615
Christian Oliva;CM;Cagliari;388
Christian Oliva;CM;Valencia;198
Kiko Olivas;CB;Valladolid;177
Paulo Oliveira;CB;Eibar;2641
Mathías Olivera;FB;Getafe;2614
Maximiliano Olivera;FB;Fiorentina;91
Dani Olmo;AM;RB Leipzig;2194
Robin Olsen;GK;Everton;630
Jonas Omlin;GK;Montpellier;2673
Jerome Onguene;CB;Genoa;181
Karim Onisiwo;FW;Mainz 05;1843
Josh Onomah;AM;Fulham;374
Javier Ontiveros;W;Huesca;918
Henry Onyekuru;W;Monaco;140
Willi Orban;CB;RB Leipzig;2363
Fabián Orellana;W;Valladolid;2138
Divock Origi;FW;Liverpool;186
Riccardo Orsolini;W;Bologna;1755
Stefan Ortega;GK;Arminia;3060
Yuya Osako;AM;Werder Bremen;762
Ben Osborn;W;Sheffield Utd;1604
Victor Osimhen;FW;Napoli;1573
Yordan Osorio;CB;Parma;1809
David Ospina;GK;Napoli;1440
Owen Otasowie;CM;Wolves;187
Otávio;CM;Bordeaux;1559
Paulo Otávio;FB;Wolfsburg;1737
Remi Oudin;W;Bordeaux;2420
Alexandre Oukidja;GK;Metz;3058
Zinédine Ould Khaled;CM;Angers;38
Adam Ounas;W;Crotone;1199
Adam Ounas;W;Cagliari;308
Thomas Ouwejan;FB;Udinese;413
Reece Oxford;CB;Augsburg;1358
Alex Oxlade-Chamberlain;CM;Liverpool;253
Mikel Oyarzabal;W;Real Sociedad;2408
Ambroise Oyongo;FB;Montpellier;558
Salih Özcan;CM;Köln;1371
Levin Öztunalı;W;Mainz 05;758
Pablo;CB;Bordeaux;1076
Fernando Pacheco;GK;Alavés;3349
Jon Pacheco;CB;Real Sociedad;32
Gonçalo Paciência;FW;Schalke 04;749
Daniele Padelli;GK;Inter;45
Mattia Pagliuca;FW;Bologna;13
Vincent Pajot;CM;Metz;914
Rodrigo Palacio;FW;Bologna;2502
Exequiel Palacios;CM;Leverkusen;572
Helibelton Palacios;FB;Elche;743
Ante Palaversa;CM;Getafe;9
Alberto Paleari;GK;Genoa;206
Nicolas Pallois;CB;Nantes;2776
Emerson Palmieri;FB;Chelsea;90
Antonio Palumbo;CM;Sampdoria;7
Martin Palumbo;CM;Udinese;63
Goran Pandev;AM;Genoa;1404
Ivor Pandur;GK;Hellas Verona;332
Jonathan Panzo;CB;Dijon;1801
Matondo-Merveille Papela;CM;Mainz 05;2
Lucas Paquetá;AM;Lyon;2275
Gaëtan Paquiez;FB;Nîmes;1046
Rubén Pardo;CM;Bordeaux;23
Leandro Paredes;CM;Paris Saint-Germain;1302
Daniel Parejo;CM;Villarreal;3112
Vittorio Parigini;W;Genoa;56
Marco Parolo;CM;Lazio;653
Thomas Partey;CM;Arsenal;1534
Thomas Partey;CM;Atlético Madrid;200
Mario Pašalić;CM;Atalanta;1122
Felix Passlack;FB;Dortmund;362
Christian Pastina;CB;Benevento;121
Javier Pastore;AM;Roma;82
Patric;CB;Lazio;1595
Rui Patrício;GK;Wolves;3329
Paulinho;W;Leverkusen;65
Gabriel Paulista;CB;Valencia;2716
Benjamin Pavard;FB;Bayern Munich;1943
Jiří Pavlenka;GK;Werder Bremen;3060
Vasileios Pavlidis;CB;Schalke 04;2
Mateo Pavlović;CB;Angers;1104
Strahinja Pavlović;CB;Monaco;1
Leonardo Pavoletti;FW;Cagliari;1584
Dimitri Payet;W;Marseille;2417
Nehuén Paz;CB;Bologna;363
Bailey Peacock-Farrell;GK;Burnley;360
Mads Pedersen;FB;Augsburg;887
Alfonso Pedraza;FB;Villarreal;2093
Pedri;AM;Barcelona;2415
Pedro;W;Roma;1591
João Pedro;AM;Cagliari;3253
Gianluca Pegolo;GK;Sassuolo;90
Peter Pekarík;FB;Hertha BSC;1692
Yohann Pelé;GK;Marseille;90
Graziano Pellè;FW;Parma;614
Pietro Pellegri;FW;Monaco;230
Lorenzo Pellegrini;CM;Roma;2598
Luca Pellegrini;FB;Genoa;639
Facundo Pellistri;W;Alavés;542
Andy Pelmard;CB;Nice;1207
Lee Peltier;FB;West Brom;229
Federico Peluso;CB;Sassuolo;207
Timothee Pembele;CB;Paris Saint-Germain;383
Rubén Peña;FB;Villarreal;1116
Philipp Pentke;GK;Hoffenheim;270
Pepe;FB;Granada;253
Nicolas Pépé;W;Arsenal;1616
Alberto Perea;W;Cádiz;1549
Mathias Pereira Lage;W;Angers;1467
Andreas Pereira;AM;Lazio;543
Danilo Pereira;CM;Paris Saint-Germain;1430
Matheus Pereira;W;West Brom;2577
Pedro Pereira;W;Crotone;2549
Ricardo Pereira;FB;Leicester City;959
Gastón Pereiro;AM;Cagliari;272
Bruno Peres;FB;Roma;1427
Roberto Pereyra;AM;Udinese;2925
Ayoze Pérez;AM;Leicester City;1331
Carles Pérez;W;Roma;773
Iñigo Pérez;CM;Osasuna;1347
Juan Pérez;GK;Osasuna;270
Kike Pérez;CM;Valladolid;1159
Lucas Pérez;FW;Alavés;1759
Luis Pérez;FB;Valladolid;1297
Manuel Perez;CM;Lens;128
Nehuén Pérez;CB;Granada;741
Mattia Perin;GK;Genoa;2879
Ivan Perišić;W;Inter;1795
Romain Perraud;FB;Brest;3140
Lucas Perrin;CB;Marseille;308
Pavao Pervan;GK;Wolfsburg;180
Matteo Pessina;AM;Atalanta;1645
Andrea Petagna;FW;Napoli;964
Nils Petersen;FW;Freiburg;1301
Lukas Petkov;CM;Augsburg;4
Jacopo Petriccione;CM;Crotone;958
Jens Petter Hauge;W;Milan;532
Germán Pezzella;CB;Fiorentina;2743
Giuseppe Pezzella;FB;Parma;1828
Maximilian Philipp;AM;Wolfsburg;1111
Rayan Philippe;FW;Dijon;93
Romain Philippoteaux;W;Nîmes;214
Romain Philippoteaux;W;Brest;581
Kalvin Phillips;CM;Leeds United;2428
Matt Phillips;W;West Brom;1828
Nathaniel Phillips;CB;Liverpool;1456
Jaden Philogene Bidace;W;Aston Villa;1
Krzysztof Piątek;FW;Hertha BSC;1630
Pablo Piatti;W;Elche;361
Cristiano Piccini;FB;Atalanta;59
Cristiano Piccini;FB;Valencia;67
Roberto Piccoli;FW;Spezia;703
Jordan Pickford;GK;Everton;2742
Jérémy Pied;FB;Lille;318
Amos Pieper;CB;Arminia;2682
Ronaël Pierre-Gabriel;FB;Brest;2305
Erik Pieters;FB;Burnley;1266
Tomás Pina Isla;CM;Alavés;2575
Andrea Pinamonti;FW;Inter;169
Yeremi Pino;W;Villarreal;797
Carlo Pinsoglio;GK;Juventus;23
Gerard Piqué;CB;Barcelona;1481
Fabio Pisacane;CB;Cagliari;228
Łukasz Piszczek;FB;Dortmund;455
Marko Pjaca;W;Genoa;1418
Miralem Pjanić;CM;Barcelona;627
Óscar Plano;W;Valladolid;2517
Marvin Plattenhardt;FB;Hertha BSC;1071
Alassane Pléa;FW;Mönchengladbach;1803
Dani Plomer;W;Granada;45
Tommaso Pobega;CM;Spezia;1229
Daniel Podence;W;Wolves;1661
Paul Pogba;CM;Manchester Utd;1897
Joel Pohjanpalo;FW;Union Berlin;851
Joel Pohjanpalo;FW;Leverkusen;6
Andrea Poli;CM;Bologna;383
Matteo Politano;W;Napoli;1908
Jorge Pombo;AM;Cádiz;523
Marin Pongračić;CB;Wolfsburg;575
Pere Pons;CM;Alavés;1186
Nick Pope;GK;Burnley;2880
Manolo Portanova;AM;Genoa;66
Manolo Portanova;AM;Juventus;70
Francisco Portillo;W;Getafe;418
Portu;W;Real Sociedad;2184
Stefan Posch;CB;Hoffenheim;2119
Sergio Postigo;CB;Levante;1623
Yussuf Poulsen;FW;RB Leipzig;1354
Maxime Poundjé;FB;Bordeaux;491
Darío Poveda;FW;Getafe;5
Alejandro Pozo Pozo;FB;Eibar;2190
Dennis Praet;CM;Leicester City;718
Sanjin Prcić;CM;Strasbourg;353
Nicolas de Préville;FW;Bordeaux;1611
Manuel Prietl;CM;Arminia;2517
Grischa Prömel;CM;Union Berlin;1816
Davy Pröpper;CM;Brighton;213
Ivan Provedel;GK;Spezia;2610
Antonio Puertas;W;Granada;2170
Riqui Puig;CM;Barcelona;292
Erick Pulgar;CM;Fiorentina;2002
Jorge Pulido;CB;Huesca;2885
Christian Pulisic;W;Chelsea;1738
Ignacio Pussetto;W;Udinese;754
Fabio Quagliarella;FW;Sampdoria;2204
Robin Quaison;AM;Mainz 05;1476
Domingos Quina;CM;Granada;341
Quini;FB;Granada;1191
Quique;FW;Eibar;167
Dani Raba;W;Villarreal;150
Simone Rabbi;AM;Bologna;35
Adrien Rabiot;CM;Juventus;2313
Uroš Račić;CM;Valencia;2187
Anthony Racioppi;GK;Dijon;1890
Nemanja Radoja;CM;Levante;1121
Nemanja Radonjić;W;Marseille;396
Nemanja Radonjić;W;Hertha BSC;611
Aleksandar Radovanović;CB;Lens;90
Ivan Radovanović;CM;Genoa;2232
Ionuț Radu;GK;Inter;135
Ștefan Radu;CB;Lazio;2458
Rafael;GK;Spezia;207
Rafinha;CM;Paris Saint-Germain;1361
Antonio Raimondo;FW;Bologna;1
Predrag Rajković;GK;Reims;3285
Ivan Rakitić;CM;Sevilla;2233
Jonás Ramalho;CB;Osasuna;304
Benito Raman;W;Schalke 04;1246
Gastón Ramírez;AM;Sampdoria;969
Sandro Ramírez;FW;Huesca;1285
Sergio Ramos;CB;Real Madrid;1275
Aaron Ramsdale;GK;Sheffield Utd;3420
Aaron Ramsey;CM;Juventus;1089
Jacob Ramsey;AM;Aston Villa;626
Kayne Ramsey;FB;Southampton;90
Darren Randolph;GK;West Ham;270
Andrea Ranocchia;CB;Inter;703
Marcus Rashford;W;Manchester Utd;2920
Milot Rashica;W;Werder Bremen;1462
Giacomo Raspadori;FW;Sassuolo;1232
Federico Ravaglia;GK;Bologna;360
Tim Ream;CB;Fulham;630
Ante Rebić;W;Milan;1776
Arkadiusz Reca;W;Crotone;2313
Recio;CM;Eibar;734
Daishawn Redan;FW;Hertha BSC;102
Nathan Redmond;W;Southampton;1738
Harrison Reed;CM;Fulham;2247
Vasco Regini;FB;Sampdoria;88
Sergio Reguilón;FB;Tottenham;2244
Bobby Reid;AM;Fulham;2372
Pepe Reina;GK;Lazio;2610
Jeff Reine-Adélaïde;AM;Nice;1058
Jeff Reine-Adélaïde;AM;Lyon;24
Reinier;AM;Dortmund;257
Francisco Reis Ferreira;CB;Valencia;181
Rocco Reitz;CM;Mönchengladbach;60
Karim Rekik;CB;Sevilla;653
Álex Remiro;GK;Real Sociedad;3420
Panagiotis Retsos;CB;Saint-Étienne;272
Marco Reus;AM;Dortmund;2279
Elvis Rexhbeçaj;CM;Köln;1833
Oriol Rey;CM;Valladolid;15
Gio Reyna;AM;Dortmund;1976
Baptiste Reynet;GK;Nîmes;3420
Bryan Reynolds;FB;Roma;283
Franck Ribéry;W;Fiorentina;2149
Ricard;FB;Atlético Madrid;30
Federico Ricci;W;Sassuolo;4
Giacomo Ricci;FB;Parma;67
Matteo Ricci;CM;Spezia;2229
Declan Rice;CM;West Ham;2879
Chris Richards;CB;Hoffenheim;944
Chris Richards;CB;Bayern Munich;89
Lewis Richardson;AM;Burnley;4
Richarlison;FW;Everton;2861
Marco Richter;W;Augsburg;1416
Mikel Rico;CM;Huesca;2183
Sergio Rico;GK;Paris Saint-Germain;810
Jaïro Riedewald;CM;Crystal Palace;1820
Emiliano Rigoni;W;Elche;1139
Tomás Rincón;CM;Torino;2846
Luis Rioja;W;Alavés;2090
Renaud Ripart;W;Nîmes;3054
Andrea Rispoli;W;Crotone;652
Mihailo Ristić;W;Montpellier;2236
Matt Ritchie;FB;Newcastle Utd;1350
Maxence Rivera;W;Saint-Étienne;239
Emmanuel Rivière;FW;Crotone;640
Rober;CB;Levante;1425
Roberto;GK;Valladolid;1170
Sergi Roberto;FB;Barcelona;946
Tyler Roberts;AM;Leeds United;1340
Andrew Robertson;FB;Liverpool;3383
Antonee Robinson;FB;Fulham;2162
Callum Robinson;FW;West Brom;1560
Jack Robinson;FB;Sheffield Utd;877
Joel Robles;GK;Betis;1620
Hal Robson-Kanu;FW;West Brom;561
Marc Roca;CM;Bayern Munich;177
Christopher Rocchia;FB;Marseille;22
Rubén Rochina;W;Levante;1404
Marek Rodák;GK;Fulham;180
Sebastian Rode;CM;Eintracht Frankfurt;1625
Joe Rodon;CB;Tottenham;733
Rodri;CM;Manchester City;2748
Rodrigo;AM;Leeds United;1288
Rodrigo;AM;Betis;537
Kévin Rodrigues;FB;Eibar;1095
Óscar Rodríguez Arnaiz;AM;Sevilla;511
Ángel Rodríguez;FW;Getafe;1374
Guido Rodríguez;CM;Betis;2864
James Rodríguez;AM;Everton;1764
Jay Rodriguez;FW;Burnley;1265
Miguel Rodríguez;W;Celta Vigo;30
Ricardo Rodríguez;FB;Torino;1238
Víctor Rodríguez;W;Elche;426
Rodrygo;W;Real Madrid;983
Marko Rog;CM;Cagliari;1165
Rogério;FB;Sassuolo;1877
Luis Rojas;AM;Crotone;104
Alessio Romagnoli;CB;Milan;1907
Cristian Romero;CB;Atalanta;2545
Oriol Romeu;CM;Southampton;1763
Cristiano Ronaldo;FW;Juventus;2802
Facundo Roncaglia;FB;Osasuna;1232
Valentin Rongier;CM;Marseille;1887
Marten de Roon;CM;Atalanta;3021
Jérôme Roussillon;FB;Wolfsburg;1229
Nolan Roux;FW;Nîmes;651
Nicolò Rovella;CM;Genoa;1187
Amir Rrahmani;CB;Napoli;1094
Rubén;GK;Osasuna;187
Waldo Rubio;W;Valladolid;375
John Ruddy;GK;Wolves;91
Antonio Rüdiger;CB;Chelsea;1710
Sebastian Rudy;CM;Hoffenheim;1678
Sebastian Rudy;CM;Schalke 04;180
Kevin Rüegg;FB;Hellas Verona;205
Daniele Rugani;CB;Cagliari;1001
Daniele Rugani;CB;Rennes;90
Matteo Ruggeri;FB;Atalanta;208
Mário Rui;FB;Napoli;1669
Aitor Ruibal;W;Betis;1593
Fabián Ruiz Peña;CM;Napoli;2569
Isma Ruiz;CM;Granada;67
Kays Ruiz;CM;Paris Saint-Germain;186
Víctor Ruiz;CB;Betis;2157
Gerónimo Rulli;GK;Villarreal;180
Georginio Rutter;FW;Rennes;44
Georginio Rutter;FW;Hoffenheim;241
Mathew Ryan;GK;Arsenal;270
Mathew Ryan;GK;Brighton;990
Julian Ryerson;FB;Union Berlin;1069
Frederik Rønnow;GK;Schalke 04;945
João Victor Santos Sá;W;Wolfsburg;469
Roli Pereira de Sa;AM;Nantes;56
Idriss Saadi;FW;Strasbourg;125
Youssouf Sabaly;FB;Bordeaux;2909
Mathys Saban;CM;Saint-Étienne;13
Marcel Sabitzer;CM;RB Leipzig;2026
Alexis Saelemaekers;W;Milan;2016
Modibo Sagnan;CB;Real Sociedad;622
Allan Saint-Maximin;W;Newcastle Utd;1560
Borja Sainz;W;Alavés;453
Romain Saïss;CB;Wolves;2407
Bukayo Saka;W;Arsenal;2553
Hiroki Sakai;FB;Marseille;2385
Moïse Sakava;AM;Reims;8
Mamadou Sakho;CB;Crystal Palace;276
Jacopo Sala;FB;Spezia;375
Mohamed Salah;W;Liverpool;3078
Eddy Salcedo;FW;Hellas Verona;755
William Saliba;CB;Nice;1800
Romain Salin;GK;Rennes;1350
Mohammed Salisu;CB;Southampton;844
Roland Sallai;W;Freiburg;1661
Salvi;W;Cádiz;1933
Lazar Samardzic;AM;RB Leipzig;200
Diadie Samassékou;CM;Hoffenheim;2563
Mama Samba Baldé;W;Dijon;2161
Junior Sambia;FB;Montpellier;2448
Frédéric Sammaritano;AM;Dijon;1130
Fede San Emeterio;CM;Valladolid;1460
Antonio Sanabria;FW;Torino;978
Antonio Sanabria;FW;Betis;932
Oihan Sancet;AM;Athletic Club;1035
Renato Sanches;CM;Lille;1270
Juan Sánchez Miño;FB;Elche;495
Alexis Sánchez;FW;Inter;1146
Davinson Sánchez;CB;Tottenham;1486
Germán Sánchez;CB;Granada;2638
Javi Sánchez;CB;Valladolid;921
Manuel Sánchez;FB;Osasuna;976
Manuel Sánchez;FB;Atlético Madrid;49
Robert Sánchez;GK;Brighton;2430
Jadon Sancho;W;Dortmund;2062
Alex Sandro;FB;Juventus;1858
Leroy Sané;W;Bayern Munich;1805
Salif Sané;CB;Schalke 04;1071
Oier Sanjurjo;CM;Osasuna;2084
Mohamed Sankoh;FW;Stuttgart;17
Siriki Sanogo;CM;Benevento;10
Morgan Sanson;CM;Aston Villa;294
Morgan Sanson;CM;Marseille;826
Nicola Sansone;W;Bologna;1169
Baptiste Santamaria;CM;Angers;270
Baptiste Santamaria;CM;Freiburg;2209
Federico Santander;FW;Bologna;37
Davide Santon;FB;Roma;586
Samir Santos;CB;Udinese;2216
Riccardo Saponara;AM;Fiorentina;52
Riccardo Saponara;AM;Spezia;389
Ivan Šaponjić;FW;Cádiz;388
Pablo Sarabia;W;Paris Saint-Germain;1320
Josh Sargent;FW;Werder Bremen;2506
Bouna Sarr;FB;Marseille;76
Bouna Sarr;FB;Bayern Munich;452
Sidy Sarr;CM;Nîmes;463
Marco Sau;FW;Benevento;785
Téji Savanier;CM;Montpellier;2165
Stefan Savić;CB;Atlético Madrid;2953
Romaine Sawyers;CM;West Brom;1487
Gianluca Scamacca;FW;Genoa;1352
Dane Scarlett;FW;Tottenham;1
Fabian Schär;CB;Newcastle Utd;1246
Aurélien Scheidler;FW;Dijon;342
Nicolás Schiappacasse;W;Sassuolo;15
Pasquale Schiattarella;CM;Benevento;2247
Patrik Schick;FW;Leverkusen;1866
Sven Schipplock;FW;Arminia;744
Xaver Schlager;CM;Wolfsburg;2626
Keven Schlotterbeck;CB;Freiburg;1654
Nico Schlotterbeck;CB;Union Berlin;1285
Jeffrey Schlupp;W;Crystal Palace;1428
Kasper Schmeichel;GK;Leicester City;3420
Jonathan Schmid;FB;Freiburg;2393
Romano Schmid;AM;Werder Bremen;1177
Benno Schmitz;FB;Köln;416
Morgan Schneiderlin;CM;Nice;2197
Alessandro Schöpf;W;Schalke 04;942
Jerdy Schouten;CM;Bologna;2512
Nico Schulz;FB;Dortmund;610
Alexander Schwolow;GK;Hertha BSC;2340
Christopher Scott;AM;Bayern Munich;34
Matteo Scozzarella;CM;Parma;153
Simone Scuffet;GK;Udinese;90
Jacopo Segre;CM;Torino;191
Davie Selke;FW;Werder Bremen;813
Malik Sellouki;AM;Nice;66
Matz Sels;GK;Strasbourg;540
Nélson Semedo;FB;Wolves;2983
Léo Sena;CM;Spezia;885
Stefano Sensi;CM;Inter;603
Jaime Seoane;CM;Huesca;2064
Luigi Sepe;GK;Parma;3240
Suat Serdar;CM;Schalke 04;1953
Jean Seri;CM;Bordeaux;707
Femi Seriki;FB;Sheffield Utd;1
Ryan Sessegnon;FB;Hoffenheim;1574
Nils Seufert;CM;Arminia;343
Edgar Sevikyan;W;Levante;8
Stephan El Shaarawy;W;Roma;572
Jamie Shackleton;CM;Leeds United;461
Xherdan Shaqiri;W;Liverpool;556
Billy Sharp;FW;Sheffield Utd;735
Luke Shaw;FB;Manchester Utd;2654
Jonjo Shelvey;CM;Newcastle Utd;2617
Eldor Shomurodov;FW;Genoa;1677
Shola Shoretire;W;Manchester Utd;11
Mahame Siby;CM;Strasbourg;21
Abdoulaye Sidibé;W;Saint-Étienne;11
Djibril Sidibé;FB;Monaco;1980
Sidnei;CB;Betis;697
Kaj Sierhuis;FW;Reims;652
Tim Siersleben;CB;Wolfsburg;34
Gylfi Sigurðsson;AM;Everton;2253
Luca Siligardi;W;Crotone;49
Luca Siligardi;W;Parma;34
Adrien Silva;CM;Sampdoria;1599
André Silva;FW;Eintracht Frankfurt;2760
Bernardo Silva;AM;Manchester City;2065
Caio Henrique Oliveira Silva;FB;Monaco;2368
David Silva;AM;Real Sociedad;1399
Fábio Silva;FW;Wolves;1369
Florent da Silva;CM;Lyon;3
Gabriel Silva;FB;Saint-Étienne;355
Gastón Silva;FB;Huesca;600
Rui Silva;GK;Granada;2880
Thiago Silva;CB;Chelsea;1935
Marco Silvestri;GK;Hellas Verona;3060
Mohamed Simakan;CB;Strasbourg;1615
Giovanni Simeone;FW;Cagliari;1740
Moses Simon;W;Nantes;2324
Unai Simón;GK;Athletic Club;3330
Xavi Simons;CM;Paris Saint-Germain;2
Jóan Símun Edmundsson;AM;Arminia;58
Wilfried Singo;FB;Torino;1854
Daley Sinkgraven;FB;Leverkusen;1570
Dimitris Siovas;CB;Huesca;3071
Tobias Sippel;GK;Mönchengladbach;344
Salvatore Sirigu;GK;Torino;2880
Issouf Sissokho;CM;Bordeaux;78
Ibrahima Sissoko;CM;Strasbourg;2581
Moussa Sissoko;CM;Tottenham;1585
Nelson Sissoko;FB;Saint-Étienne;474
Antonio Sivera;GK;Alavés;71
Jacques Siwe;FW;Dijon;169
Ellyes Skhiri;CM;Köln;2785
Łukasz Skorupski;GK;Bologna;2520
Andreas Skov Olsen;W;Bologna;1179
Robert Skov;W;Hoffenheim;1164
Milan Škriniar;CB;Inter;2777
Steven Skrzybski;W;Schalke 04;419
Petar Škuletić;FW;Montpellier;234
Islam Slimani;FW;Leicester City;20
Islam Slimani;FW;Lyon;579
William Smallbone;CM;Southampton;172
Chris Smalling;CB;Roma;1111
Emile Smith-Rowe;AM;Arsenal;1440
Robert Snodgrass;W;West Brom;526
Robert Snodgrass;W;West Ham;5
Cédric Soares;FB;Arsenal;746
Rafa Soares;FB;Eibar;1134
Rubén Sobrino;FW;Valencia;49
Rubén Sobrino;FW;Cádiz;1113
Simon Sohm;CM;Parma;899
Augusto Solari;W;Celta Vigo;486
Roberto Soldado;FW;Granada;1438
Carlos Soler;CM;Valencia;2735
Yann Sommer;GK;Mönchengladbach;2712
Son;FB;Levante;1106
Brandon Soppy;FB;Rennes;559
David Soria;GK;Getafe;2520
Roberto Soriano;AM;Bologna;3250
Alberto Soro;W;Granada;393
Borna Sosa;FB;Stuttgart;2042
Hugo Sotelo;W;Celta Vigo;1
Florian Sotoca;FW;Lens;2413
Riccardo Sottil;W;Cagliari;1184
Cheick Souaré;CM;Marseille;10
Tomáš Souček;CM;West Ham;3419
Rayan Souici;CB;Saint-Étienne;5
Cebio Soukou;W;Arminia;458
Adama Soumaoro;CB;Bologna;1755
Adama Soumaoro;CB;Lille;145
Boubakary Soumaré;CM;Lille;1919
Yaya Soumaré;W;Lyon;4
Arnaud Souquet;FB;Montpellier;1224
Ansou Sow;FW;Lens;6
Djibril Sow;CM;Eintracht Frankfurt;2175
Saidou Sow;CB;Saint-Étienne;1000
Çağlar Söyüncü;CB;Leicester City;1819
Leonardo Spinazzola;FB;Roma;2124
Marco Sportiello;GK;Atalanta;1261
Mattia Sprocati;W;Parma;22
Jerry St. Juste;CB;Mainz 05;2880
Benjamin Stambouli;CM;Schalke 04;1956
Josip Stanišić;FB;Bayern Munich;90
Niklas Stark;CB;Hertha BSC;2793
Renato Steffen;W;Wolfsburg;1566
Zack Steffen;GK;Manchester City;90
Pascal Stenzel;FB;Stuttgart;1276
Dale Stephens;CM;Burnley;261
Jack Stephens;CB;Southampton;1537
Raheem Sterling;W;Manchester City;2536
Enda Stevens;FB;Sheffield Utd;2700
Lars Stindl;AM;Mönchengladbach;1961
Kevin Stöger;AM;Mainz 05;538
John Stones;CB;Manchester City;1933
Thomas Strakosha;GK;Lazio;810
Tobias Strobl;CM;Augsburg;1846
Kevin Strootman;CM;Genoa;1314
Kevin Strootman;CM;Marseille;233
Pascal Struijk;CB;Leeds United;2075
Jens Stryger Larsen;FB;Udinese;2638
Stefano Sturaro;CM;Hellas Verona;423
Stefano Sturaro;CM;Genoa;445
Damián Suárez;FB;Getafe;2434
Denis Suárez;AM;Celta Vigo;2852
Luis Suárez;FW;Atlético Madrid;2508
Marek Suchý;CB;Augsburg;305
Niklas Süle;CB;Bayern Munich;1505
Suso;W;Sevilla;2210
Bosko Sutalo;CB;Atalanta;233
Mattias Svanberg;CM;Bologna;1852
Abdoulaye Sylla;CB;Nantes;8
Issiaga Sylla;FB;Lens;1116
Eddy Sylvestre;W;Nice;97
Ádám Szalai;FW;Mainz 05;733
Wojciech Szczęsny;GK;Juventus;2677
Frederik Sørensen;CB;Köln;99
Alexander Sørloth;FW;RB Leipzig;1443
Tachi;CB;Alavés;850
Jonathan Tah;CB;Leverkusen;2219
Waniss Taibi;AM;Angers;38
Flavien Tait;CM;Rennes;1368
Adrien Tameze;CM;Hellas Verona;2304
Japhet Tanganga;CB;Tottenham;487
Renato Tapia;CM;Celta Vigo;2701
Edmond Tapsoba;CB;Leverkusen;2652
Matt Targett;FB;Aston Villa;3404
James Tarkowski;CB;Burnley;3240
Ciprian Tătărușanu;GK;Milan;90
Percy Tau;AM;Brighton;103
Niklas Tauer;CM;Mainz 05;69
Heriberto Tavares;W;Brest;43
Sidnei Tavares;CM;Leicester City;85
Tomás Tavares;FB;Alavés;65
Charlie Taylor;FB;Burnley;2426
Neil Taylor;FB;Aston Villa;16
Allan Tchaptchet;CB;Southampton;13
Warren Tchimbembé;W;Metz;495
Aurélien Tchouaméni;CM;Monaco;3063
Álvaro Tejero;FB;Eibar;110
Nathan Tella;W;Southampton;745
Alex Telles;FB;Manchester Utd;690
Andrés Tello;CM;Benevento;413
Cristian Tello;W;Betis;1283
Lino Tempelmann;CM;Freiburg;270
Hidde ter Avest;FB;Udinese;351
Marc-André ter Stegen;GK;Barcelona;2790
Pietro Terracciano;GK;Fiorentina;272
Martin Terrier;W;Rennes;2436
Claudio Terzi;CB;Spezia;1869
Kenny Tete;FB;Fulham;1481
Kenny Tete;FB;Lyon;20
Cedric Teuchert;FW;Union Berlin;754
Florian Thauvin;W;Marseille;2732
Malick Thiaw;CB;Schalke 04;1452
Jan Thielmann;W;Köln;1029
Sada Thioub;W;Angers;1256
William Thomas Fish;CB;Manchester Utd;1
Luke Thomas;FB;Leicester City;969
Romain Thomas;CB;Angers;3024
Adrien Thomasson;AM;Strasbourg;2624
Erik Thommy;W;Stuttgart;313
Morten Thorsby;CM;Sampdoria;2648
Marcus Thuram;W;Mönchengladbach;1731
Khéphren Thuram-Ulie;CM;Nice;1494
Cheikh Tidiane Sabaly;W;Metz;12
Youri Tielemans;CM;Leicester City;3357
Kieran Tierney;FB;Arsenal;2299
Steffen Tigges;FW;Dortmund;56
Guus Til;AM;Freiburg;125
David Timor;CM;Getafe;1395
Jean-Clair Todibo;CB;Nice;1330
Karl Toko Ekambi;W;Lyon;2811
Corentin Tolisso;CM;Bayern Munich;781
Jeremy Toljan;FB;Sassuolo;1490
Rafael Tolói;CB;Atalanta;2537
Takehiro Tomiyasu;CB;Bologna;2715
James Tomkins;CB;Crystal Palace;553
Fikayo Tomori;CB;Chelsea;45
Fikayo Tomori;CB;Milan;1466
Sandro Tonali;CM;Milan;1330
Lorenzo Tonelli;CB;Sampdoria;1782
Toño;FB;Levante;726
Ömer Toprak;CB;Werder Bremen;1940
Tyron Tormin;W;Saint-Étienne;21
Ernesto Torregrossa;FW;Sampdoria;170
Lucas Torreira;CM;Atlético Madrid;518
Ferrán Torres;W;Manchester City;1306
Óliver Torres;CM;Sevilla;1400
Pau Torres;CB;Villarreal;2970
Roberto Torres;AM;Osasuna;1894
Lucas Torró;CM;Osasuna;1548
Jordan Torunarigha;CB;Hertha BSC;969
Cenk Tosun;FW;Everton;48
Abdoulaye Touré;CM;Nantes;1681
Almamy Touré;FB;Eintracht Frankfurt;704
Lucas Tousart;CM;Hertha BSC;2090
Andros Townsend;W;Crystal Palace;2258
Conor Townsend;FB;West Brom;2234
Mattéo Tramoni;W;Cagliari;74
Adama Traoré;W;Wolves;2649
Amadou Traore;W;Bordeaux;304
Bertrand Traoré;W;Aston Villa;2317
Boubacar Traoré;CM;Metz;54
Chaka Traorè;W;Parma;18
Charles Traore;FB;Nantes;1700
Cheick Traoré;FB;Lens;39
Hamari Traoré;FB;Rennes;3000
Ibrahima Traoré;W;Mönchengladbach;98
Ismaël Traoré;CB;Angers;2993
Kevin Trapp;GK;Eintracht Frankfurt;2970
Miguel Trauco;FB;Saint-Étienne;2035
Trézéguet;W;Aston Villa;1166
Manu Trigueros;CM;Villarreal;2527
Christopher Trimmel;FB;Union Berlin;2572
Francisco Trincão;W;Barcelona;706
Alessandro Tripaldelli;FB;Cagliari;300
Kieran Trippier;FB;Atlético Madrid;2475
Leandro Trossard;W;Brighton;2607
Alexis Trouillet;CM;Nice;109
Adrien Truffert;FB;Rennes;1951
Marvin Tshibuabua;CB;Saint-Étienne;43
Kostas Tsimikas;FB;Liverpool;7
Axel Tuanzebe;CB;Manchester Utd;404
Alessandro Tuia;CB;Benevento;1765
Ľubomír Tupta;FW;Hellas Verona;50
Tuta;CB;Eintracht Frankfurt;1459
Iyenoma Udogie;FB;Hellas Verona;170
Matthieu Udol;FB;Metz;1724
Naomichi Ueda;CB;Nîmes;711
Chimuanya Ugochukwu;CM;Rennes;65
Hwang Ui-jo;FW;Bordeaux;2503
Samir Ujkani;GK;Torino;90
Samuel Umtiti;CB;Barcelona;645
Enes Ünal;FW;Getafe;1318
Cengiz Ünder;W;Leicester City;281
Dayot Upamecano;CB;RB Leipzig;2330
Kacper Urbanski;AM;Bologna;2
Mark Uth;AM;Schalke 04;1494
Tomáš Vaclík;GK;Sevilla;450
Eugeni Valderrama;AM;Huesca;115
Lautaro Valenti;CB;Parma;499
Antoine Valerio;CM;Nîmes;70
Borja Valero;CM;Fiorentina;491
Yan Valery;FB;Southampton;103
Jesús Vallejo;CB;Granada;1348
Manu Vallejo;FW;Valencia;950
Federico Valverde;CM;Real Madrid;1330
Raphaël Varane;CB;Real Madrid;2715
Jamie Vardy;FW;Leicester City;2840
Ruben Vargas;W;Augsburg;1612
Denis Vavro;CB;Lazio;32
Denis Vavro;CB;Huesca;611
Franco Vázquez;AM;Sevilla;164
Kevin Vázquez;FB;Celta Vigo;562
Lucas Vázquez;W;Real Madrid;1848
Matías Vecino;CM;Inter;283
Koke Vegas;GK;Levante;90
Gabriel Veiga;CM;Celta Vigo;118
Miloš Veljković;CB;Werder Bremen;1723
Miguel Veloso;CM;Hellas Verona;1316
Joël Veltman;FB;Brighton;2281
Unai Vencedor Paris;CM;Athletic Club;1701
Lorenzo Venuti;FB;Fiorentina;1757
Daniele Verde;W;Spezia;980
Simone Verdi;AM;Torino;1620
Gonzalo Verdú;CB;Elche;2944
Jordan Veretout;CM;Roma;2053
Edoardo Vergani;FW;Bologna;12
Marco Verratti;CM;Paris Saint-Germain;1492
Valerio Verre;CM;Sampdoria;998
Mikel Vesga;CM;Athletic Club;1722
Jannik Vestergaard;CB;Southampton;2574
Rúben Vezo;CB;Levante;2316
Guglielmo Vicario;GK;Cagliari;360
Iñigo Vicente;W;Athletic Club;52
Fede Vico;AM;Granada;767
Aleix Vidal;FB;Sevilla;595
Arturo Vidal;CM;Inter;1138
Clément Vidal;CB;Montpellier;86
Nacho Vidal;FB;Osasuna;2348
Ronaldo Vieira;CM;Hellas Verona;226
Luca Vignali;FB;Spezia;1590
Emanuel Vignato;W;Bologna;1203
Toni Villa;W;Valladolid;969
Asier Villalibre;FW;Athletic Club;1589
Gonzalo Villar;CM;Roma;1859
Iván Villar;GK;Celta Vigo;1781
Rúben Vinagre;FB;Wolves;173
Carlos Vinícius;FW;Tottenham;308
Nicolas Viola;CM;Benevento;1036
João Virgínia;GK;Everton;48
Vitinha;AM;Wolves;520
Vitolo;W;Atlético Madrid;298
Dušan Vlahović;FW;Fiorentina;2923
Michel Vlap;AM;Arminia;371
Andreas Voglsammer;FW;Arminia;1000
Kevin Vogt;CB;Hoffenheim;1841
Mërgim Vojvoda;FB;Torino;1359
Jake Vokins;FB;Southampton;66
Kevin Volland;FW;Monaco;2769
Stefan de Vrij;CB;Inter;2734
Giacomo Vrioni;FW;Juventus;1
Šime Vrsaljko;FB;Atlético Madrid;519
Nikola Vukčević;CM;Levante;810
Miloš Vulić;CM;Crotone;1305
Matěj Vydra;FW;Burnley;1371
Franklin Wadja;CM;Lorient;33
Walace;CM;Udinese;2055
Theo Walcott;W;Southampton;1618
Theo Walcott;W;Everton;13
Kyle Walker;FB;Manchester City;1946
Kyle Walker-Peters;FB;Southampton;2645
Sebastian Walukiewicz;CB;Cagliari;1618
Silas Wamangituka;W;Stuttgart;1919
Aaron Wan-Bissaka;FB;Manchester Utd;3060
Joel Ward;FB;Crystal Palace;2256
James Ward-Prowse;CM;Southampton;3420
Daniel Wass;FB;Valencia;2979
Ollie Watkins;FW;Aston Villa;3328
Caleb Watts;CM;Southampton;39
Timothy Weah;FW;Lille;878
Adam Webster;CB;Brighton;2594
Wout Weghorst;FW;Wolfsburg;2941
Mitchell Weiser;FB;Leverkusen;226
Shon Weissman;FW;Valladolid;2133
Danny Welbeck;FW;Brighton;1545
Wendell;FB;Leverkusen;1457
Oscar Wendt;FB;Mönchengladbach;1254
Timo Werner;FW;Chelsea;2602
Ashley Westwood;CM;Burnley;3410
Ben White;CB;Brighton;3191
Georginio Wijnaldum;CM;Liverpool;2941
William;FB;Wolfsburg;2
William;FB;Schalke 04;474
Brandon Williams;FB;Manchester Utd;188
Iñaki Williams;FW;Athletic Club;2387
Neco Williams;FB;Liverpool;249
Nico Williams;W;Athletic Club;57
Rhys Williams;CB;Liverpool;661
Willian;W;Arsenal;1406
Joe Willock;CM;Arsenal;238
Joe Willock;CM;Newcastle Utd;978
Callum Wilson;FW;Newcastle Utd;2084
Marten Winkler;FW;Hertha BSC;1
Harry Winks;CM;Tottenham;861
Florian Wirtz;AM;Leverkusen;2224
Yoane Wissa;W;Lorient;2674
Axel Witsel;CM;Dortmund;1130
Hannes Wolf;AM;Mönchengladbach;1378
Marius Wolf;W;Köln;2551
Nick Woltemade;AM;Werder Bremen;147
Jeong Woo-yeong;W;Freiburg;823
Chris Wood;FW;Burnley;2741
Joscha Wosz;AM;RB Leipzig;34
Xeka;CM;Lille;1200
Granit Xhaka;CM;Arsenal;2522
Reinhold Yabo;CM;Arminia;647
Jawad El Yamiq;CB;Valladolid;1379
Rubén Yáñez;GK;Getafe;900
Andriy Yarmolenko;W;West Ham;375
Yusuf Yazıcı;AM;Lille;1086
DeAndre Yedlin;FB;Newcastle Utd;436
Burak Yılmaz;FW;Lille;2051
Yoel;GK;Eibar;300
Okay Yokuşlu;CM;West Brom;1317
Okay Yokuşlu;CM;Celta Vigo;462
Maya Yoshida;CB;Sampdoria;2274
Amin Younes;AM;Eintracht Frankfurt;1391
Ashley Young;W;Inter;1425
Wilitty Younoussa;CM;Dijon;77
Zaydou Youssouf;CM;Saint-Étienne;1229
Mattia Zaccagni;AM;Hellas Verona;2609
Dan-Axel Zagadou;CB;Dortmund;276
Vasilios Zagaritis;FB;Parma;65
Arthur Zagre;FB;Dijon;122
Wilfried Zaha;W;Crystal Palace;2612
Miha Zajc;CM;Genoa;1863
Denis Zakaria;CM;Mönchengladbach;1419
Joseba Zaldúa;FB;Real Sociedad;639
Nicola Zalewski;AM;Roma;11
Andre-Frank Zambo Anguissa;CM;Fulham;2587
Niccolò Zanellato;CM;Crotone;1637
Cristián Zapata;CB;Genoa;968
Duván Zapata;FW;Atalanta;2379
Gabriele Zappa;FB;Cagliari;2395
Davide Zappacosta;W;Genoa;2045
Oier Zarraga;CM;Athletic Club;100
Simone Zaza;FW;Torino;1491
Deyovaisio Zeefuik;FB;Hertha BSC;905
Marvin Zeegelaar;FB;Udinese;1740
Arber Zeneli;W;Reims;1289
Robin Zentner;GK;Mainz 05;2790
Andi Zeqiri;FW;Brighton;171
Mehdi Zerkane;W;Bordeaux;1187
Ron-Robert Zieler;GK;Köln;51
Piotr Zieliński;CM;Napoli;2523
Oleksandr Zinchenko;FB;Manchester City;1478
Joshua Zirkzee;FW;Parma;113
Joshua Zirkzee;FW;Bayern Munich;92
Hakim Ziyech;AM;Chelsea;1172
Jeroen Zoet;GK;Spezia;603
Kévin Zohi;FW;Strasbourg;436
Kurt Zouma;CB;Chelsea;2029
Igor Zubeldia;CM;Real Sociedad;1959
Steven Zuber;W;Eintracht Frankfurt;585
Martín Zubimendi;CM;Real Sociedad;1882
Martin Ødegaard;AM;Arsenal;866
Martin Ødegaard;AM;Real Madrid;234
Filip Đuričić;AM;Sassuolo;2078
